University,Year,Country,City,Region,University_Type,QS_Rank,QS_Score,THE_Rank,THE_Overall,THE_Teaching,THE_Research_Environment,THE_Research_Quality,THE_Industry,THE_International_Outlook,Research_Output,Student_Faculty_Ratio,International_Students,Faculty_Count,University_Size
Massachusetts Institute of Technology,2022,United States,Cambridge,North America,Private,1,100.0,5,94.6,90.9,94.4,99.7,93.7,89.9,Very High,4.0,3730.0,3065.0,M
University of Oxford,2022,United Kingdom,Oxford,Europe,Public,2,99.5,1,95.7,91.0,99.6,98.0,74.4,96.3,Very High,3.0,8442.0,6708.0,L
Stanford University,2022,United States,Stanford,North America,Private,3,98.7,4,94.9,92.3,96.8,99.9,91.0,79.7,Very High,3.0,3879.0,4725.0,L
University of Cambridge,2022,United Kingdom,Cambridge,Europe,Public,3,98.7,5,94.6,90.9,99.5,96.2,56.7,95.8,Very high,4.0,7925.0,5800.0,L
Harvard University,2022,United States,Cambridge,North America,Private,5,98.0,2,95.0,94.5,98.9,99.2,48.9,79.8,Very High,5.0,5877.0,4646.0,L
California Institute of Technology,2022,United States,Pasadena,North America,Private,6,97.4,2,95.0,93.6,96.9,97.8,90.4,83.8,Very High,2.0,692.0,968.0,S
Imperial College London,2022,United Kingdom,London,Europe,Public,7,97.3,12,89.3,81.4,88.3,97.6,70.8,97.5,Very High,5.0,11143.0,8000.0,L
UCL,2022,United Kingdom,London,Europe,Public,8,95.4,18,87.2,76.8,88.9,96.9,44.7,96.7,Very High,5.0,21824.0,7195.0,XL
University of Chicago,2022,United States,Chicago,North America,Private,10,94.5,10,89.8,87.2,90.6,98.3,56.3,74.4,Very High,6.0,4696.0,2703.0,L
University of Pennsylvania,2022,United States,Philadelphia,North America,Private,13,90.7,13,88.4,84.5,89.2,97.1,77.6,69.7,Very High,4.0,4636.0,5154.0,L
Yale University,2022,United States,New Haven,North America,Private,14,90.2,9,90.8,90.7,93.0,97.0,56.2,69.9,Very High,2.0,2537.0,5391.0,M
Columbia University,2022,United States,New York City,North America,Private,19,88.7,11,89.6,87.8,89.6,97.3,48.0,79.8,Very High,4.0,11252.0,7087.0,L
Princeton University,2022,United States,Princeton,North America,Private,20,88.6,7,93.6,89.5,96.0,99.0,88.8,80.7,Very High,8.0,1912.0,1050.0,M
Cornell University,2022,United States,Ithaca,North America,Private,21,88.3,22,85.0,78.6,85.4,97.2,38.3,75.4,Very High,8.0,5675.0,2843.0,L
University of Michigan-Ann Arbor,2022,United States,Ann Arbor,North America,Public,23,86.2,24,83.1,78.6,85.4,94.0,48.9,59.5,Very High,6.0,7341.0,7132.0,XL
Johns Hopkins University,2022,United States,Baltimore,North America,Private,25,85.9,13,88.4,80.0,90.8,97.2,93.7,74.6,Very High,3.0,5070.0,4855.0,L
University of Toronto,2022,Canada,Toronto,North America,Public,26,85.3,18,87.2,77.6,93.0,92.6,61.2,89.1,Very high,8.0,27536.0,9881.0,XL
McGill University,2022,Canada,Montreal,North America,Public,27,84.0,44,73.4,63.3,70.9,83.9,45.3,91.5,Very High,7.0,10827.0,3876.0,L
Northwestern University,2022,United States,Evanston,North America,Private,30,82.8,24,83.1,74.3,82.1,97.6,81.6,65.3,Very High,5.0,3846.0,3652.0,L
Kyoto University,2022,Japan,Kyoto,Asia,Public,33,82.3,61,69.6,78.5,78.9,58.3,80.8,38.2,Very High,6.0,2863.0,3911.0,L
Seoul National University,2022,South Korea,Seoul,Asia,Public,36,81.7,54,70.0,73.8,73.8,68.5,98.2,36.9,Very High,7.0,1914.0,3859.0,L
University of British Columbia,2022,Canada,Vancouver,North America,Public,46,77.1,37,75.8,61.6,74.0,89.4,47.4,94.9,Very High,9.0,15399.0,6201.0,XL
Institut Polytechnique de Paris,2022,France,Palaiseau Cedex,Europe,Public,49,75.9,91,63.3,57.3,54.7,69.0,77.1,94.5,Very High,6.0,2413.0,1057.0,M
Technical University of Munich,2022,Germany,Munich,Europe,Public,50,75.6,38,75.6,64.5,74.8,85.5,100.0,76.1,Very High,5.0,11447.0,6663.0,XL
Duke University,2022,United States,Durham,North America,Private,52,75.2,23,83.5,79.2,78.6,95.6,99.0,66.6,Very High,3.0,3445.0,5673.0,L
Carnegie Mellon University,2022,United States,Pittsburgh,North America,Private,53,74.6,28,80.6,64.7,80.0,99.0,59.0,80.8,Very High,9.0,5739.0,1534.0,L
University of Amsterdam,2022,Netherlands,Amsterdam,Europe,Public,55,73.8,65,68.9,49.0,63.3,91.6,41.6,89.8,Very High,11.0,7969.0,6000.0,XL
Delft University of Technology,2022,Netherlands,Delft,Europe,Public,57,73.1,75,65.8,57.1,71.1,59.4,97.7,93.6,Very High,10.0,6104.0,2041.0,L
Monash University,2022,Australia,Melbourne,Oceania,Public,58,72.2,57,69.9,54.3,61.7,87.7,79.2,91.0,Very High,15.0,31049.0,3852.0,XL
Brown University,2022,United States,Providence,North America,Private,60,71.3,64,69.1,62.2,56.6,92.9,37.4,61.9,Very High,7.0,2002.0,1389.0,M
University of Bristol,2022,United Kingdom,Bristol,Europe,Public,62,71.0,92,63.1,40.6,49.2,94.7,43.7,89.1,Very High,8.0,7483.0,20311.0,L
University of Texas at Austin,2022,United States,Austin,North America,Public,67,68.4,47,72.9,67.9,71.5,89.4,50.1,39.8,Very High,17.0,4953.0,2887.0,XL
National Taiwan University (NTU),2022,Taiwan,Taipei City,Asia,Public,68,68.2,113,61.0,55.8,64.7,64.8,75.4,46.9,Very High,10.0,5058.0,2939.0,L
KU Leuven,2022,Belgium,Leuven,Europe,Public,70,67.2,42,73.6,59.1,73.2,86.2,99.2,74.2,Very High,18.0,8485.0,2677.0,XL
University of Zurich,2022,Switzerland,Zürich,Europe,Public,70,67.2,75,65.8,52.2,49.6,89.4,61.9,92.5,Very High,6.0,5044.0,3761.0,L
Sorbonne University,2022,France,Unknown,Europe,Public,72,67.1,88,63.6,61.0,53.6,76.6,38.2,70.4,Very High,9.0,8782.0,4680.0,XL
University of Glasgow,2022,United Kingdom,Glasgow,Europe,Public,73,66.8,86,63.7,41.9,49.9,94.0,40.7,93.1,Very High,9.0,11065.0,3314.0,L
Korea University,2022,South Korea,Seoul,Asia,Private,74,66.3,201–250,50.4–53.9,47.4,47.0,63.4,91.9,50.9,Very High,6.0,3325.0,4026.0,L
University of Wisconsin-Madison,2022,United States,Madison,North America,Public,75,66.2,58,69.8,67.4,69.5,79.2,47.5,50.4,Very High,8.0,5737.0,5166.0,XL
University of Southampton,2022,United Kingdom,Southampton,Europe,Public,77,65.7,124,59.9,39.9,42.1,90.6,43.4,94.5,Very High,9.0,8417.0,2468.0,L
University of Copenhagen,2022,Denmark,Copenhagen,Europe,Public,79,65.5,96,62.7,46.8,47.1,88.8,54.4,86.8,Very High,4.0,4135.0,7293.0,XL
Durham University,2022,United Kingdom,Durham,Europe,Public,82,65.2,162,56.7,44.9,47.8,69.7,37.8,93.8,Very High,11.0,6174.0,1775.0,L
Tohoku University,2022,Japan,Sendai City,Asia,Public,82,65.2,201–250,50.4–53.9,56.6,58.7,37.8,97.2,49.5,Very High,5.0,1872.0,3323.0,L
University of Illinois at Urbana-Champaign,2022,United States,Champaign,North America,Public,82,65.2,48,72.6,65.7,77.3,80.9,50.0,55.4,Very High,17.0,9987.0,2748.0,XL
University of Washington,2022,United States,Seattle,North America,Public,85,65.0,29,79.8,68.8,78.8,99.0,46.3,61.7,Very High,15.0,7362.0,2796.0,XL
Université Paris-Saclay,2022,France,Unknown,Europe,Public,86,64.9,117,60.4,51.6,47.9,80.2,56.4,68.2,Very High,5.0,7649.0,8010.0,XL
Lund University,2022,Sweden,Lund,Europe,Public,87,63.8,116,60.8,39.6,53.1,83.1,82.0,79.9,Very High,9.0,6682.0,3040.0,L
Georgia Institute of Technology,2022,United States,Atlanta,North America,Public,88,63.5,45,73.3,58.2,69.4,91.4,71.4,77.7,Very High,19.0,5675.0,1267.0,L
KTH Royal Institute of Technology,2022,Sweden,Stockholm,Europe,Public,89,63.2,201–250,50.4–53.9,38.8,44.7,56.0,69.8,90.2,Very High,8.0,3057.0,3600.0,L
University of Birmingham,2022,United Kingdom,Birmingham,Europe,Public,90,62.9,105,61.5,40.3,45.2,93.3,40.6,91.7,Very High,9.0,10457.0,3586.0,XL
University of St Andrews,2022,United Kingdom,St. Andrews,Europe,Public,91,62.8,201–250,50.4–53.9,45.2,43.8,60.2,37.7,95.5,Very High,8.0,4377.0,1208.0,M
University of Leeds,2022,United Kingdom,Leeds,Europe,Public,92,62.6,127,59.2,43.7,46.5,81.1,39.8,90.3,Very High,10.0,11584.0,3593.0,XL
Rice University,2022,United States,Houston,North America,Private,94,62.3,136,58.5,47.3,37.5,87.2,44.2,77.8,Very High,7.0,2278.0,996.0,M
Sungkyunkwan University (SKKU),2022,South Korea,Suwon,Asia,Private,97,60.5,122,60.0,56.9,60.2,60.7,99.4,56.3,Very High,7.0,3821.0,3313.0,L
Technical University of Denmark,2022,Denmark,Kongens Lyngby,Europe,Public,99,59.9,185,54.8,39.6,40.6,72.4,86.0,92.2,Very High,4.0,2495.0,2219.0,M
University of Oslo,2022,Norway,Oslo,Europe,Public,102,59.0,119,60.1,40.5,46.5,89.5,44.3,80.4,Very High,7.0,2560.0,2600.0,L
University of Nottingham,2022,United Kingdom,Nottingham,Europe,Public,103,58.9,141,58.1,43.6,44.2,80.1,40.5,89.2,Very High,10.0,9659.0,3386.0,XL
University of Helsinki,2022,Finland,Helsinki,Europe,Public,104,58.5,101,62.2,44.3,56.9,88.5,37.8,57.3,Very High,8.0,1254.0,2855.0,L
University of Geneva,2022,Switzerland,Geneva,Europe,Public,105,58.3,197,54.0,34.4,33.6,83.1,51.6,98.6,Very High,9.0,6547.0,1814.0,L
"University of California, Davis",2022,United States,Davis,North America,Public,108,57.9,67,67.9,58.8,64.6,81.5,50.7,68.9,Very High,10.0,8414.0,3420.0,XL
Utrecht University,2022,Netherlands,Utrecht,Europe,Public,110,57.5,69,67.6,46.6,63.1,90.1,77.0,76.3,Very High,10.0,4454.0,3254.0,XL
Université de Montréal,2022,Canada,Montreal,North America,Public,111,57.3,88,63.6,50.4,52.9,81.7,69.5,85.7,Very High,7.0,7625.0,5533.0,XL
Aalto University,2022,Finland,Espoo,Europe,Public,112,57.0,201–250,50.4–53.9,38.9,38.6,71.6,54.2,83.7,Very High,9.0,2202.0,1396.0,L
Boston University,2022,United States,Boston,North America,Private,112,57.0,62,69.5,57.3,60.2,93.8,46.5,65.5,Very High,10.0,8159.0,2642.0,L
Leiden University,2022,Netherlands,Leiden,Europe,Public,112,57.0,71,67.1,44.8,65.1,86.8,71.8,84.1,Very High,12.0,6064.0,2069.0,XL
University of Southern California,2022,United States,Los Angeles,North America,Private,112,57.0,63,69.3,62.1,58.8,90.3,41.2,65.5,Very High,10.0,9107.0,3116.0,XL
Queen Mary University of London,2022,United Kingdom,London,Europe,Public,117,56.7,117,60.4,33.7,41.6,98.1,42.7,97.1,Very High,9.0,8625.0,2119.0,L
Nagoya University,2022,Japan,Nagoya,Asia,Public,118,56.2,351–400,44.1–46.0,44.3,48.0,41.4,97.9,35.4,Very High,6.0,1879.0,2512.0,L
University of Bern,2022,Switzerland,Bern,Europe,Public,119,56.1,101,62.2,45.0,44.9,88.2,90.6,87.3,Very High,8.0,1776.0,1212.0,M
Chalmers University of Technology,2022,Sweden,Gothenburg,Europe,Private,121,55.9,251–300,48.1–50.3,31.8,42.8,63.3,65.5,77.5,Very High,8.0,2502.0,2500.0,M
Wageningen University & Research,2022,Netherlands,Wageningen,Europe,Public,123,55.8,53,70.1,50.1,58.1,95.6,100.0,86.4,Very High,5.0,4131.0,2767.0,L
Uppsala University,2022,Sweden,Uppsala,Europe,Public,124,55.4,131,59.0,38.5,55.8,78.4,71.8,71.4,Very High,10.0,8401.0,2843.0,L
Eindhoven University of Technology,2022,Netherlands,Eindhoven,Europe,Public,125,55.3,201–250,50.4–53.9,44.4,48.2,56.1,99.9,83.8,Very High,9.0,1872.0,1145.0,M
University of Alberta,2022,Canada,Edmonton,North America,Public,126,55.2,125,59.6,48.2,50.7,71.9,64.7,88.9,Very High,9.0,9689.0,3645.0,XL
University of Groningen,2022,Netherlands,Groningen,Europe,Public,128,54.8,80,65.2,42.5,55.3,90.6,81.1,88.7,Very High,8.0,9397.0,3724.0,XL
École Normale Supérieure de Lyon,2022,France,Lyon,Europe,Public,130,54.6,301–350,46.1–48.0,38.3,45.8,52.6,64.3,64.7,Very High,5.0,233.0,387.0,S
Lancaster University,2022,United Kingdom,Lancaster,Europe,Public,132,54.0,122,60.0,38.6,40.9,93.9,36.4,94.6,Very High,10.0,5557.0,1440.0,L
University of Technology Sydney,2022,Australia,Haymarket,Oceania,Public,133,53.9,143,57.8,36.5,43.7,83.7,55.0,97.2,Very High,16.0,8653.0,2183.0,L
Newcastle University,2022,United Kingdom,Newcastle upon Tyne,Europe,Public,134,53.8,146,57.6,34.1,39.8,92.8,42.3,87.5,Very High,10.0,8100.0,2766.0,L
Kyushu University,2022,Japan,Fukuoka City,Asia,Public,137,53.3,501–600,38.1–40.8,43.2,37.5,34.0,77.4,42.4,Very High,7.0,2125.0,2761.0,L
University of Basel,2022,Switzerland,Basel,Europe,Public,138,53.0,103,62.1,42.9,42.0,89.5,99.9,97.0,Very High,9.0,2875.0,1036.0,M
McMaster University,2022,Canada,Hamilton,North America,Public,140,52.7,80,65.2,44.3,50.6,93.1,98.3,85.1,Very High,7.0,5386.0,3819.0,L
Ghent University,2022,Belgium,Ghent,Europe,Public,141,52.6,96,62.7,48.9,58.4,79.2,83.3,62.4,Very High,7.0,4609.0,5537.0,XL
Politecnico di Milano,2022,Italy,Milan,Europe,Public,142,52.5,351–400,44.1–46.0,34.4,39.2,57.8,80.1,60.8,Very High,21.0,7452.0,1659.0,XL
Hokkaido University,2022,Japan,Sapporo,Asia,Public,145,51.4,501–600,38.1–40.8,44.2,38.5,31.3,66.3,41.0,Very High,7.0,1984.0,2476.0,L
Stockholm University,2022,Sweden,Stockholm,Europe,Public,148,50.6,176,55.5,30.5,49.1,84.9,36.5,69.4,Very High,12.0,7567.0,2325.0,L
University of Waterloo,2022,Canada,Waterloo,North America,Public,149,50.5,201–250,50.4–53.9,35.6,43.2,67.7,47.1,87.1,Very High,18.0,10269.0,1908.0,XL
Cardiff University,2022,United Kingdom,Cardiff,Europe,Public,151,50.4,189,54.7,31.9,36.1,89.1,39.9,87.0,Very High,9.0,7819.0,3350.0,L
University of Vienna,2022,Austria,Vienna,Europe,Public,151,50.4,137,58.4,46.9,55.4,65.4,37.8,95.4,Very High,12.0,14514.0,3637.0,XL
University of York,2022,United Kingdom,York,Europe,Public,151,50.4,169,56.0,39.0,43.7,79.1,37.1,86.7,Very High,9.0,5098.0,2209.0,L
University of Rochester,2022,United States,Rochester,North America,Private,154,50.3,142,57.9,44.9,39.3,86.4,50.5,73.1,Very High,5.0,3644.0,1853.0,M
Aarhus University,2022,Denmark,Aarhus,Europe,Public,155,50.2,104,61.7,39.3,58.4,82.4,74.9,76.9,Very High,11.0,2911.0,683.0,L
Hanyang University,2022,South Korea,Seoul,Asia,Private,156,49.8,351–400,44.1–46.0,40.8,40.1,44.0,93.8,64.3,Very High,7.0,3455.0,3164.0,L
Michigan State University,2022,United States,East Lansing,North America,Public,157,49.7,93,63.0,58.1,56.1,77.2,37.7,62.0,Very High,15.0,5795.0,3008.0,XL
"University of Maryland, College Park",2022,United States,College Park,North America,Public,158,49.5,93,63.0,49.3,56.8,89.8,39.3,42.9,Very High,10.0,4659.0,3798.0,XL
Emory University,2022,United States,Atlanta,North America,Private,160,48.6,82,65.1,55.1,44.9,98.1,48.2,59.7,Very High,5.0,2264.0,2725.0,L
Case Western Reserve University,2022,United States,Cleveland,North America,Private,161,48.2,126,59.4,47.6,41.7,91.9,41.7,53.8,Very High,7.0,2864.0,1639.0,M
Tecnológico de Monterrey,2022,Mexico,Monterrey,Latin America,Private,161,48.2,601–800,32.0–37.9,20.8,19.1,46.8,66.5,59.6,High,8.0,3514.0,5894.0,XL
RWTH Aachen University,2022,Germany,Aachen,Europe,Public,165,48.0,108,61.4,55.3,61.6,64.1,98.7,62.0,Very High,19.0,12477.0,2431.0,XL
University of Bath,2022,United Kingdom,Bath,Europe,Public,166,47.7,201–250,50.4–53.9,32.2,34.0,78.9,38.7,92.9,Very High,12.0,5326.0,1339.0,L
Texas A&M University,2022,United States,College Station,North America,Public,168,47.6,193,54.3,47.4,51.1,64.6,46.5,56.1,Very High,21.0,6621.0,3049.0,XL
Western University,2022,Canada,London,North America,Public,170,47.5,201–250,50.4–53.9,39.9,39.0,72.6,80.2,85.6,Very High,22.0,6314.0,1311.0,L
Sapienza University of Rome,2022,Italy,Rome,Europe,Public,171,47.2,197,54.0,51.5,41.7,70.9,55.9,44.3,Very High,23.0,5960.0,3287.0,XL
University College Dublin,2022,Ireland,Dublin,Europe,Public,173,46.9,201–250,50.4–53.9,32.2,39.0,71.8,48.7,93.6,Very High,12.0,6118.0,1836.0,L
University of Florida,2022,United States,Gainesville,North America,Public,173,46.9,154,57.3,54.5,58.9,62.0,58.4,42.7,Very High,7.0,4143.0,6222.0,XL
Al-Farabi Kazakh National University,2022,Kazakhstan,Almaty,Asia,Public,175,46.8,1201+,10.6–22.3,26.8,10.0,15.3,39.6,70.1,High,6.0,3054.0,4047.0,L
University of Lausanne,2022,Switzerland,Lausanne,Europe,Public,176,46.6,176,55.5,32.8,45.4,77.1,78.1,92.0,Very High,9.0,3026.0,1478.0,L
Erasmus University Rotterdam,2022,Netherlands,Rotterdam,Europe,Public,179,46.3,72,67.0,40.2,57.8,97.0,76.5,88.5,Very High,11.0,5932.0,2699.0,L
National Tsing Hua University,2022,Taiwan,Hsinchu City,Asia,Public,180,46.1,351–400,44.1–46.0,36.2,46.0,50.0,70.7,42.9,Very High,10.0,1551.0,1265.0,L
University of Gothenburg,2022,Sweden,Gothenburg,Europe,Public,180,46.1,185,54.8,29.6,42.3,90.5,42.7,66.1,Very High,8.0,5652.0,2680.0,L
Khalifa University,2022,United Arab Emirates,Abu Dhabi,Asia,Public,183,46.0,351–400,44.1–46.0,31.5,36.9,51.9,100.0,92.1,Very High,6.0,652.0,498.0,S
Indian Institute of Science,2022,India,Bangalore,Asia,Public,186,45.7,301–350,46.1–48.0,59.1,54.6,31.5,88.1,24.1,Very High,9.0,5.0,446.0,S
University of Liverpool,2022,United Kingdom,Liverpool,Europe,Public,189,45.5,178,55.4,33.1,36.5,88.5,39.1,93.6,Very High,10.0,9500.0,2771.0,L
University of Twente,2022,Netherlands,Enschede,Europe,Public,189,45.5,201–250,50.4–53.9,37.9,46.8,57.0,86.9,93.8,Very High,10.0,3872.0,1177.0,L
Dartmouth College,2022,United States,Hanover,North America,Private,191,45.1,99,62.3,60.1,40.2,93.6,38.9,41.7,Very High,8.0,997.0,836.0,M
Universiti Teknologi Malaysia,2022,Malaysia,Skudai,Asia,Public,191,45.1,601–800,32.0–37.9,31.3,22.9,39.4,47.5,62.6,Very High,11.0,4956.0,1869.0,L
University of Wollongong,2022,Australia,Wollongong,Oceania,Public,193,44.9,201–250,50.4–53.9,30.8,37.6,77.3,55.8,94.7,Very High,13.0,4779.0,1410.0,L
Curtin University,2022,Australia,Perth,Oceania,Public,194,44.8,251–300,48.1–50.3,25.2,32.6,82.5,43.5,95.5,Very High,14.0,4565.0,1698.0,L
University of Otago,2022,New Zealand,Dunedin,Oceania,Public,194,44.8,201–250,50.4–53.9,31.3,34.7,77.5,39.6,90.1,Very High,14.0,3585.0,1333.0,L
University of Bergen,2022,Norway,Bergen,Europe,Public,199,44.2,201–250,50.4–53.9,28.7,30.3,91.6,37.5,78.7,Very High,7.0,832.0,1634.0,M
Macquarie University,2022,Australia,Sydney,Oceania,Public,200,44.1,192,54.4,39.0,43.3,71.4,63.3,89.5,Very High,14.0,8621.0,1766.0,L
Keio University,2022,Japan,Tokyo,Asia,Private,201,43.9,601–800,32.0–37.9,32.9,25.0,41.6,45.0,34.7,Very High,8.0,3101.0,4028.0,XL
University of Reading,2022,United Kingdom,Reading,Europe,Public,202,43.5,201–250,50.4–53.9,35.9,36.7,78.8,40.4,92.6,Very High,12.0,5007.0,1325.0,L
Waseda University,2022,Japan,Tokyo,Asia,Private,203,43.3,801–1000,27.2–31.9,31.6,24.3,24.4,39.7,44.1,Very High,11.0,7209.0,3833.0,XL
University of Göttingen,2022,Germany,Göttingen,Europe,Public,204,43.2,119,60.1,46.8,50.0,84.9,37.7,62.2,Very High,8.0,3875.0,3717.0,XL
University of Aberdeen,2022,United Kingdom,Aberdeen,Europe,Public,205,43.1,158,56.8,32.2,35.2,94.0,47.1,95.8,Very High,11.0,5544.0,1175.0,L
RMIT University,2022,Australia,Melbourne,Oceania,Public,206,42.8,301–350,46.1–48.0,27.6,32.1,69.8,46.0,93.9,Very High,18.0,11743.0,1859.0,XL
Vrije Universiteit Amsterdam,2022,Netherlands,Amsterdam,Europe,Public,209,42.6,115,60.9,39.9,51.5,87.8,59.3,75.4,Very High,10.0,4059.0,2598.0,L
Ulsan National Institute of Science and Technology (UNIST),2022,South Korea,Unknown,Asia,Public,212,42.4,178,55.4,37.7,41.1,85.4,91.8,51.0,Very High,7.0,355.0,518.0,S
Chulalongkorn University,2022,Thailand,Bangkok,Asia,Public,215,41.9,801–1000,27.2–31.9,32.8,20.6,30.9,63.7,37.9,High,10.0,985.0,3354.0,XL
Vanderbilt University,2022,United States,Nashville,North America,Private,218,41.7,113,61.0,48.6,43.8,94.1,56.9,48.7,Very High,3.0,2022.0,4473.0,L
University of Notre Dame,2022,United States,Notre Dame,North America,Private,222,40.9,183,54.9,51.2,43.2,70.7,39.7,59.0,Very High,8.0,1484.0,1545.0,L
Complutense University of Madrid,2022,Spain,Madrid,Europe,Public,223,40.8,501–600,38.1–40.8,30.0,31.5,53.3,38.1,43.9,Very High,13.0,7295.0,4778.0,XL
Qatar University,2022,Qatar,Doha,Asia,Public,224,40.7,301–350,46.1–48.0,26.0,31.7,69.0,50.7,99.1,Very High,8.0,3197.0,1163.0,M
University of Cape Town,2022,South Africa,Cape Town,Africa,Public,226,40.3,183,54.9,31.4,41.4,85.5,56.4,80.1,Very High,14.0,3204.0,1503.0,L
University of Sussex,2022,United Kingdom,Brighton,Europe,Public,226,40.3,151,57.4,32.2,37.5,95.1,36.2,93.8,Very High,14.0,6350.0,1320.0,L
University of Ottawa,2022,Canada,Ottawa,North America,Public,230,40.2,162,56.7,40.4,40.6,83.3,50.0,82.1,Very High,22.0,8885.0,1677.0,XL
Loughborough University,2022,United Kingdom,Loughborough,Europe,Public,231,40.1,351–400,44.1–46.0,32.0,33.6,61.1,38.6,86.6,Very High,12.0,4540.0,1445.0,L
"University of California, Irvine",2022,United States,Irvine,North America,Public,232,40.0,98,62.4,42.5,49.0,93.8,52.0,73.2,Very High,13.0,9323.0,2775.0,XL
Maastricht University,2022,Netherlands,Maastricht,Europe,Public,233,39.8,127,59.2,39.8,50.0,76.1,84.6,98.1,Very High,13.0,10425.0,1418.0,L
University of Antwerp,2022,Belgium,Antwerp,Europe,Public,233,39.8,143,57.8,35.4,47.0,85.4,85.7,70.6,Very High,9.0,2688.0,1704.0,L
University of Calgary,2022,Canada,Calgary,North America,Public,235,39.7,201–250,50.4–53.9,34.9,37.2,80.4,65.6,80.4,Very High,12.0,6791.0,2668.0,XL
University of Leicester,2022,United Kingdom,Leicester,Europe,Public,236,39.6,185,54.8,30.0,32.3,94.2,39.9,91.0,Very High,10.0,4919.0,1518.0,L
Victoria University of Wellington,2022,New Zealand,"Kelburn, Wellington",Oceania,Public,236,39.6,501–600,38.1–40.8,25.5,32.1,51.9,52.5,88.8,Very High,16.0,3668.0,1124.0,L
Georgetown University,2022,United States,Washington D.C.,North America,Private,248,38.7,130,59.1,55.0,35.3,88.8,70.2,48.9,Very High,8.0,3286.0,2009.0,L
University of Colorado Boulder,2022,United States,Boulder,North America,Public,251,38.5,158,56.8,43.2,42.8,88.1,43.2,47.2,Very High,11.0,2441.0,2946.0,XL
National Cheng Kung University (NCKU),2022,Taiwan,Tainan City,Asia,Public,252,38.4,601–800,32.0–37.9,36.5,42.3,25.2,100.0,39.1,Very High,10.0,2656.0,2079.0,L
Mahidol University,2022,Thailand,Nakhon Pathom,Asia,Public,255,38.1,601–800,32.0–37.9,33.5,22.4,42.8,76.1,46.1,Very High,7.0,1415.0,3850.0,L
Tel Aviv University,2022,Israel,Tel Aviv,Asia,Public,255,38.1,201–250,50.4–53.9,40.6,51.7,68.4,43.1,56.4,Very High,22.0,1294.0,1048.0,L
Sciences Po,2022,France,Paris,Europe,Public,261,37.3,401–500,40.9–44.0,33.3,24.0,57.3,36.9,83.7,Very High,6.0,4841.0,1808.0,M
Kyung Hee University,2022,South Korea,Unknown,Asia,Private,264,37.2,251–300,48.1–50.3,35.5,40.5,64.6,89.7,63.7,Very High,7.0,4715.0,3435.0,L
Rutgers University–New Brunswick,2022,United States,New Brunswick,North America,Public,264,37.2,190,54.5,46.6,47.5,70.4,47.2,52.8,Very High,9.0,7965.0,5009.0,XL
University of Navarra,2022,Spain,Pamplona,Europe,Private,266,37.1,251–300,48.1–50.3,28.7,29.3,85.1,65.9,71.7,Very High,9.0,2978.0,1175.0,M
Technical University of Darmstadt,2022,Germany,Darmstadt,Europe,Public,269,36.9,301–350,46.1–48.0,43.7,45.0,46.8,88.4,58.5,Very High,20.0,3979.0,804.0,L
Heriot-Watt University,2022,United Kingdom,Edinburgh,Europe,Public,270,36.7,501–600,38.1–40.8,27.7,27.7,53.2,45.0,94.2,Very High,12.0,3536.0,806.0,M
Dalhousie University,2022,Canada,Halifax,North America,Public,272,36.6,251–300,48.1–50.3,27.6,29.7,77.5,43.3,89.0,Very High,14.0,4483.0,1150.0,L
University of Surrey,2022,United Kingdom,Guildford,Europe,Public,272,36.6,201–250,50.4–53.9,31.5,34.7,75.0,43.0,94.6,Very High,13.0,5556.0,1221.0,L
Tufts University,2022,United States,Medford,North America,Private,275,36.5,172,55.8,45.6,33.0,91.6,39.5,50.4,Very High,8.0,1798.0,1459.0,M
Graz University of Technology,2022,Austria,Graz,Europe,Public,277,36.4,601–800,32.0–37.9,29.4,18.0,47.2,71.6,81.2,Very High,5.0,1473.0,1427.0,M
King Saud University,2022,Saudi Arabia,Riyadh,Asia,Public,277,36.4,351–400,44.1–46.0,26.1,27.8,70.9,82.6,82.3,Very High,9.0,3896.0,4216.0,XL
Deakin University,2022,Australia,Geelong,Oceania,Public,283,36.1,251–300,48.1–50.3,26.5,32.3,79.3,42.8,89.2,Very High,23.0,10684.0,1851.0,XL
Massey University,2022,New Zealand,Palmerston North,Oceania,Public,284,35.9,601–800,32.0–37.9,23.3,23.9,39.9,41.8,93.1,Very High,9.0,4836.0,1209.0,M
University of Tsukuba,2022,Japan,Tsukuba City,Asia,Public,285,35.6,501–600,38.1–40.8,43.6,38.3,37.9,48.1,42.5,Very High,8.0,2358.0,2073.0,L
United Arab Emirates University,2022,United Arab Emirates,Al Ain,Asia,Public,288,35.4,351–400,44.1–46.0,24.5,21.4,73.3,65.9,88.8,High,8.0,1238.0,919.0,M
Griffith University,2022,Australia,Nathan,Oceania,Public,290,35.1,201–250,50.4–53.9,27.5,35.3,80.4,50.6,82.8,Very High,17.0,5875.0,1918.0,XL
Belarusian State University,2022,Belarus,Minsk,Europe,Public,295,34.9,1201+,10.6–22.3,21.3,8.4,8.9,38.5,61.7,Very High,5.0,4264.0,4173.0,L
University of Porto,2022,Portugal,Porto,Europe,Public,295,34.9,401–500,40.9–44.0,25.1,28.9,64.0,40.8,60.8,Very High,14.0,3783.0,2028.0,L
University of Turku,2022,Finland,Turku,Europe,Public,295,34.9,351–400,44.1–46.0,27.6,31.4,75.3,37.0,54.1,Very High,8.0,604.0,1505.0,L
Simon Fraser University,2022,Canada,Burnaby,North America,Public,298,34.8,201–250,50.4–53.9,27.7,35.0,81.5,49.0,92.1,Very High,21.0,8051.0,1193.0,L
University College Cork,2022,Ireland,Cork,Europe,Public,298,34.8,251–300,48.1–50.3,26.2,27.6,88.1,49.2,83.7,High,10.0,3002.0,1619.0,L
North Carolina State University,2022,United States,Raleigh,North America,Public,300,34.7,301–350,46.1–48.0,39.3,37.0,60.5,46.2,53.6,Very High,15.0,3156.0,1944.0,L
University of Tartu,2022,Estonia,Tartu,Europe,Public,300,34.7,251–300,48.1–50.3,25.9,31.0,89.3,43.3,62.6,Very High,7.0,1400.0,1605.0,M
University of Strathclyde,2022,United Kingdom,Glasgow,Europe,Public,302,34.4,401–500,40.9–44.0,30.4,32.1,54.2,49.5,88.2,Very High,13.0,5397.0,1532.0,L
University of Tasmania,2022,Australia,Hobart,Oceania,Public,303,34.2,301–350,46.1–48.0,27.6,32.3,70.3,47.0,91.3,Very High,13.0,5260.0,982.0,L
Gwangju Institute of Science and Technology (GIST),2022,South Korea,Gwangju,Asia,Public,305,34.1,501–600,38.1–40.8,41.4,39.9,33.2,75.9,39.9,Very High,10.0,122.0,180.0,S
University of Warsaw,2022,Poland,Warsaw,Europe,Public,308,33.9,601–800,32.0–37.9,29.5,27.3,44.1,35.9,44.1,Very High,10.0,2892.0,3658.0,XL
Jagiellonian University,2022,Poland,Krakow,Europe,Public,309,33.8,501–600,38.1–40.8,30.4,23.8,66.5,35.7,40.6,Very High,8.0,2907.0,4089.0,XL
University of Cologne,2022,Germany,Cologne,Europe,Public,311,33.7,172,55.8,42.2,43.7,77.1,76.9,66.7,Very High,11.0,4890.0,2724.0,XL
University of Miami,2022,United States,Miami,North America,Private,311,33.7,201–250,50.4–53.9,45.2,32.1,75.9,47.5,59.5,Very High,6.0,2646.0,2565.0,L
National Taiwan University of Science and Technology (Taiwan Tech),2022,Taiwan,Taipei City,Asia,Public,314,33.6,601–800,32.0–37.9,28.6,38.4,36.9,64.8,50.3,Very High,9.0,1537.0,1005.0,M
Université Grenoble Alpes,2022,France,Grenoble,Europe,Public,314,33.6,351–400,44.1–46.0,37.4,31.9,58.0,38.7,68.7,Very High,17.0,8880.0,3088.0,XL
University of Milan,2022,Italy,Milan,Europe,Public,316,33.5,301–350,46.1–48.0,32.7,29.7,82.6,39.8,43.5,Very High,20.0,3269.0,2516.0,XL
Swinburne University of Technology,2022,Australia,Melbourne,Oceania,Public,321,33.0,301–350,46.1–48.0,24.8,29.3,76.7,42.2,81.8,Very High,14.0,4000.0,946.0,L
University of Dundee,2022,United Kingdom,Dundee,Europe,Public,322,32.9,201–250,50.4–53.9,25.4,30.7,89.1,48.9,83.2,High,14.0,3025.0,953.0,L
Aalborg University,2022,Denmark,Aalborg,Europe,Public,326,32.8,201–250,50.4–53.9,27.0,38.0,79.3,49.8,78.5,Very High,10.0,2.474,1.716,L
University of South Australia,2022,Australia,Magill,Oceania,Public,326,32.8,301–350,46.1–48.0,23.5,36.6,68.1,84.3,88.4,Very High,13.0,4.886,1.524,L
Linköping University,2022,Sweden,Linköping,Europe,Public,329,32.5,251–300,48.1–50.3,24.8,38.4,77.9,60.7,69.0,Very High,11.0,2.514,1.471,L
"City, University of London",2022,United Kingdom,London,Europe,Public,330,32.4,351–400,44.1–46.0,25.0,26.3,70.9,36.2,95.2,Very High,16.0,7.362,970.0,L
"Birkbeck, University of London",2022,United Kingdom,London,Europe,Public,332,32.3,351–400,44.1–46.0,30.5,32.6,64.1,35.1,89.9,Very High,14.0,3.214,585.0,M
National Taiwan Normal University,2022,Taiwan,Taipei City,Asia,Public,334,32.2,601–800,32.0–37.9,32.2,36.4,29.3,85.2,54.4,Very High,8.0,1.499,1.374,M
Hiroshima University,2022,Japan,Higashihiroshima City,Asia,Public,343,31.8,801–1000,27.2–31.9,31.1,21.8,30.4,49.5,40.0,Very High,6.0,1.68,2.366,L
Virginia Polytechnic Institute and State University,2022,United States,Blacksburg,North America,Public,346,31.6,251–300,48.1–50.3,35.8,36.5,74.3,48.4,56.4,Very High,12.0,4.477,2.802,XL
"University of California, Santa Cruz",2022,United States,Santa Cruz,North America,Public,347,31.4,201–250,50.4–53.9,31.5,31.2,96.7,42.1,65.6,Very High,18.0,2.13,1.045,L
George Washington University,2022,United States,Ashburn,North America,Private,355,31.1,201–250,50.4–53.9,46.3,31.4,79.0,36.0,57.9,Very High,11.0,4.024,2.016,L
Tilburg University,2022,Netherlands,Tilburg,Europe,Public,356,31.0,201–250,50.4–53.9,36.0,49.4,63.3,51.0,81.9,Very High,15.0,2.189,745.0,M
University of Lisbon,2022,Portugal,Lisbon ,Europe,Public,356,31.0,501–600,38.1–40.8,24.8,32.6,56.2,42.0,60.6,Very High,14.0,8.546,3.389,XL
University of Jyväskylä,2022,Finland,Jyväskylä,Europe,Public,358,30.9,351–400,44.1–46.0,25.3,30.5,75.4,36.3,51.5,Very High,7.0,339.0,1.573,M
University of Utah,2022,United States,Salt Lake City,North America,Public,358,30.9,251–300,48.1–50.3,37.2,30.7,81.8,51.2,33.1,Very High,8.0,2.134,3.345,L
Ewha Womans University,2022,South Korea,Seoul,Asia,Private,362,30.8,601–800,32.0–37.9,33.3,32.9,29.4,79.1,46.1,High,7.0,2.105,2.436,L
La Trobe University,2022,Australia,Melbourne,Oceania,Public,362,30.8,201–250,50.4–53.9,27.6,34.0,86.3,46.7,89.8,Very High,20.0,9.456,1.252,L
Ulm University,2022,Germany,Ulm,Europe,Public,365,30.5,146,57.6,39.8,38.6,92.4,85.7,56.9,Very High,7.0,1.289,1.473,M
Sultan Qaboos University,2022,Oman,Muscat,Asia,Public,368,30.4,801–1000,27.2–31.9,23.9,15.0,43.4,39.3,74.4,High,7.0,248.0,916.0,M
University of Connecticut,2022,United States,Storrs,North America,Public,373,29.6,401–500,40.9–44.0,36.6,29.5,61.4,38.2,54.5,Very High,19.0,3.765,1.328,L
University of Waikato,2022,New Zealand,Hamilton ,Oceania,Public,373,29.6,401–500,40.9–44.0,22.1,29.8,64.4,46.7,95.3,Very High,14.0,2.27,595.0,M
University of Oulu,2022,Finland,Oulu,Europe,Public,377,29.5,251–300,48.1–50.3,30.6,35.1,76.2,51.6,57.1,Very High,11.0,579.0,883.0,M
Quaid-i-Azam University,2022,Pakistan,Islamabad,Asia,Public,378,29.4,501–600,38.1–40.8,26.7,16.4,73.6,36.1,46.4,Very High,33.0,115.0,452.0,L
Tokyo Medical and Dental University (TMDU),2022,Japan,Tokyo,Asia,Public,381,29.3,501–600,38.1–40.8,45.4,28.4,41.3,70.9,29.3,Very High,3.0,325.0,930.0,S
American University of Sharjah,2022,United Arab Emirates,Sharjah,Asia,Private,383,29.1,801–1000,27.2–31.9,21.0,18.8,35.9,35.5,93.8,Very High,12.0,3.199,371.0,S
University of Kent,2022,United Kingdom,Canterbury,Europe,Public,383,29.1,351–400,44.1–46.0,27.8,30.6,64.5,35.4,91.5,Very High,13.0,3.515,4000.0,L
Kobe University,2022,Japan,Kobe City,Asia,Public,386,28.9,601–800,32.0–37.9,32.9,23.1,41.8,46.0,30.9,Very High,8.0,1.216,1.986,L
University of Kansas,2022,United States,Lawrence,North America,Public,387,28.8,401–500,40.9–44.0,36.4,25.0,67.3,45.7,48.7,Very High,7.0,2.014,3.357,L
University of Pisa,2022,Italy,Pisa,Europe,Public,388,28.7,401–500,40.9–44.0,28.1,28.0,70.6,41.8,41.3,Very High,18.0,1.507,1.796,XL
SOAS University of London,2022,United Kingdom,London,Europe,Public,391,28.5,401–500,40.9–44.0,41.9,41.1,34.7,34.9,79.6,Very High,11.0,2.398,300.0,S
University of the Philippines,2022,Philippines,Quezon City,Asia,Public,399,28.1,601–800,32.0–37.9,22.6,17.5,74.3,41.7,33.1,High,9.0,292.0,4.48,XL
Vilnius University,2022,Lithuania,Vilnius,Europe,Public,400,28.0,801–1000,27.2–31.9,21.3,16.9,41.4,44.2,56.1,High,7.0,1.29,2.461,L
"University of California, Riverside",2022,United States,Riverside,North America,Public,403,27.9,251–300,48.1–50.3,30.5,29.7,84.1,40.9,65.0,Very High,17.0,2.034,1.497,L
Flinders University,2022,Australia,Adelaide,Oceania,Public,407,27.8,251–300,48.1–50.3,25.5,31.0,83.3,40.7,89.9,Very High,18.0,5.981,932.0,L
Pontificia Universidad Javeriana,2022,Colombia,Bogotá,Latin America,Private,412,27.5,501–600,38.1–40.8,16.5,10.9,88.2,35.1,44.0,High,14.0,415.0,2.082,L
Tampere University,2022,Finland,Tampere,Europe,Public,414,27.4,251–300,48.1–50.3,27.1,34.2,84.4,59.6,52.5,Very High,12.0,996.0,1.31,L
Université Laval,2022,Canada,Québec,North America,Public,414,27.4,251–300,48.1–50.3,38.9,34.8,67.7,66.4,71.0,Very High,11.0,3.673,2.29,L
National Technical University of Athens,2022,Greece,Athens,Europe,Public,421,27.3,801–1000,27.2–31.9,22.6,16.8,41.1,53.5,38.3,Very High,20.0,846.0,689.0,L
James Cook University,2022,Australia,Townsville,Oceania,Public,424,27.1,251–300,48.1–50.3,25.4,29.9,88.6,45.5,78.7,Very High,11.0,1.169,2940.0,M
Washington State University,2022,United States,Pullman,North America,Public,427,27.0,351–400,44.1–46.0,31.5,30.9,71.3,50.3,50.1,Very High,14.0,1.731,1.935,L
Oxford Brookes University,2022,United Kingdom,Unknown,Europe,Public,429,26.9,601–800,32.0–37.9,26.1,23.7,49.3,35.3,81.0,High,15.0,3.439,1471.0,L
Wake Forest University,2022,United States,Winston-Salem,North America,Private,429,26.9,301–350,46.1–48.0,39.1,18.9,85.6,45.4,33.7,Very High,4.0,805.0,2.276,M
Rensselaer Polytechnic Institute,2022,United States,Troy,North America,Private,431,26.8,501–600,38.1–40.8,30.2,27.9,52.2,52.0,57.4,Very High,12.0,1.594,639.0,M
University of Johannesburg,2022,South Africa,Johannesburg,Africa,Public,434,26.7,601–800,32.0–37.9,24.0,31.0,35.6,42.5,74.3,Very High,10.0,4.016,1.886,L
Tulane University,2022,United States,New Orleans,North America,Private,436,26.6,401–500,40.9–44.0,40.4,22.6,68.1,36.8,44.4,Very High,6.0,1.172,1.733,M
University of Canberra,2022,Australia,Bruce,Oceania,Public,436,26.6,170,55.9,27.9,33.8,98.6,44.2,89.8,Very High,27.0,3.132,395.0,M
Swansea University,2022,United Kingdom,Swansea,Europe,Public,440,26.3,251–300,48.1–50.3,22.2,26.8,93.8,39.0,83.0,High,11.0,3.641,3290.0,L
University of Trento,2022,Italy,Trento,Europe,Public,440,26.3,351–400,44.1–46.0,30.2,32.5,69.5,43.1,56.6,Very High,13.0,738.0,1.066,L
Illinois Institute of Technology,2022,United States,Chicago,North America,Private,444,26.2,351–400,44.1–46.0,41.8,20.6,62.9,38.6,74.1,Very High,15.0,2.33,402.0,M
Umm Al-Qura University,2022,Saudi Arabia,Makkah,Asia,Public,447,26.0,601–800,32.0–37.9,32.7,13.4,36.0,59.3,81.6,Medium,8.0,3.566,3.619,XL
Bond University,2022,Australia,Gold Coast,Oceania,Private,451,25.8,501–600,38.1–40.8,21.6,20.5,62.4,36.4,89.1,High,10.0,1.302,325.0,S
University of Florence,2022,Italy,Florence,Europe,Public,451,25.8,401–500,40.9–44.0,33.3,28.3,66.8,44.7,46.1,Very High,20.0,4.203,1.775,XL
Brandeis University,2022,United States,Waltham,North America,Private,455,25.7,251–300,48.1–50.3,28.2,21.7,99.0,35.6,57.5,Very High,9.0,1.554,611.0,M
University of Coimbra,2022,Portugal,Coimbra,Europe,Public,455,25.7,601–800,32.0–37.9,24.5,32.0,45.4,47.0,60.0,Very High,13.0,4.477,1.74,L
University of Iowa,2022,United States,Iowa City,North America,Public,455,25.7,251–300,48.1–50.3,40.6,29.6,77.6,48.6,47.4,Very High,10.0,2.049,2.924,L
University of Saskatchewan,2022,Canada,Saskatoon,North America,Public,458,25.6,501–600,38.1–40.8,35.3,29.9,45.5,75.8,73.7,Very High,12.0,3.382,1.415,L
Colorado School of Mines,2022,United States,Golden,North America,Public,461,25.4,401–500,40.9–44.0,29.7,27.2,66.3,46.8,39.0,Very High,11.0,627.0,544.0,M
"Goldsmiths, University of London",2022,United Kingdom,London,Europe,Public,461,25.4,401–500,40.9–44.0,28.5,27.9,64.7,34.8,81.0,Very High,13.0,3.492,683.0,M
National Taipei University of Technology,2022,Taiwan,Taipei City,Asia,Public,469,25.2,1001–1200,22.4–27.1,22.8,22.4,24.7,98.0,36.5,Very High,11.0,1.04,714.0,M
Hasselt University,2022,Belgium,Diepenbeek,Europe,Public,471,25.1,351–400,44.1–46.0,28.2,39.0,57.5,58.2,69.4,Very High,7.0,736.0,743.0,M
University of Stirling,2022,United Kingdom,Stirling,Europe,Public,471,25.1,301–350,46.1–48.0,23.9,25.8,80.9,35.5,84.7,Very High,14.0,2.563,728.0,M
Florida State University,2022,United States,Tallahassee,North America,Public,475,25.0,251–300,48.1–50.3,39.0,38.0,70.1,40.8,47.3,Very High,17.0,1.618,2.236,XL
Bar-Ilan University,2022,Israel,Ramat Gan,Asia,Public,477,24.8,601–800,32.0–37.9,30.6,33.3,39.4,46.9,51.7,Very High,18.0,990.0,923.0,L
Chiba University,2022,Japan,Chiba City,Asia,Public,477,24.8,1001–1200,22.4–27.1,25.5,18.6,31.4,48.9,27.9,Very High,8.0,736.0,1.79,L
Chang Gung University,2022,Taiwan,Taoyuan City,Asia,Private,480,24.7,801–1000,27.2–31.9,23.0,28.5,30.8,81.4,27.8,Very High,8.0,381.0,889.0,M
Stellenbosch University,2022,South Africa,Stellenbosch,Africa,Public,482,24.6,251–300,48.1–50.3,30.3,35.7,78.7,79.5,54.3,Very High,25.0,1.776,934.0,L
Aston University,2022,United Kingdom,Birmingham,Europe,Public,485,24.5,401–500,40.9–44.0,21.5,24.5,66.0,36.7,91.6,Very High,16.0,1.719,730.0,M
University of Turin,2022,Italy,Turin,Europe,Public,485,24.5,401–500,40.9–44.0,22.3,27.8,76.4,43.8,41.8,Very High,26.0,4.721,2.261,XL
Yokohama City University,2022,Japan,Yokohama City,Asia,Public,487,24.4,401–500,40.9–44.0,26.4,8.9,93.0,43.2,22.3,Very High,6.0,108.0,889.0,M
Dublin City University,2022,Ireland,Dublin,Europe,Public,490,24.3,501–600,38.1–40.8,23.1,32.7,54.9,41.0,70.7,High,11.0,1.415,1.257,L
University of Granada,2022,Spain,Granada,Europe,Public,492,24.2,601–800,32.0–37.9,21.8,23.2,55.1,35.1,50.1,Very High,19.0,5.611,2.682,XL
Western Sydney University,2022,Australia,Milperra,Oceania,Public,494,24.1,201–250,50.4–53.9,26.2,30.5,88.7,42.4,87.9,High,22.0,7.123,1.62,XL
Boston College,2022,United States,Newton,North America,Private,494,24.1,251–300,48.1–50.3,47.5,34.6,64.4,35.1,46.4,Very High,13.0,1.471,1.048,L
Iowa State University,2022,United States,Ames,North America,Public,494,24.1,401–500,40.9–44.0,34.1,33.6,58.9,51.1,56.3,Very High,17.0,2.441,1.656,L
Sogang University,2022,South Korea,Seoul,Asia,Private,494,24.1,1001–1200,22.4–27.1,25.9,25.7,23.2,50.8,37.6,Very High,9.0,1.429,1.017,M
York University,2022,Canada,Toronto,North America,Public,494,24.1,401–500,40.9–44.0,27.4,33.9,59.3,43.1,73.5,Very High,29.0,12.285,1.508,XL
Aix-Marseille University,2022,France,Marseille,Europe,Public,501-510,,301–350,46.1–48.0,39.8,24.2,74.4,39.7,60.9,Very High,17.0,8.651,4.069,XL
Satbayev University,2022,Kazakhstan,Almaty,Asia,Public,501-510,,1201+,10.6–22.3,17.1,9.8,5.8,41.8,42.6,Very High,7.0,131.0,1.281,M
University of Bordeaux,2022,France,Talence,Europe,Public,501-510,,301–350,46.1–48.0,33.1,25.3,79.1,39.0,60.1,Very High,15.0,5.643,3.195,XL
University of Delhi,2022,India,New Delhi,Asia,Public,501-510,,801–1000,27.2–31.9,37.6,22.4,34.7,34.8,17.8,Very High,22.0,322.0,1.171,L
University of Klagenfurt,2022,Austria,Klagenfurt,Europe,Public,501-510,,351–400,44.1–46.0,29.0,17.7,74.6,36.8,90.3,Very High,8.0,950.0,427.0,S
University of Limerick,2022,Ireland,Limerick,Europe,Public,501-510,,601–800,32.0–37.9,22.9,26.9,52.8,38.4,80.0,High,14.0,1.857,952.0,L
Warsaw University of Technology,2022,Poland,Warsaw,Europe,Public,501-510,,1201+,10.6–22.3,19.7,15.9,19.0,39.1,28.2,Very High,9.0,1.839,2.306,L
Koç University,2022,Turkey,Istanbul,Asia,Private,511-520,,501–600,38.1–40.8,30.2,36.1,50.5,70.6,51.0,High,11.0,368.0,560.0,M
Missouri University of Science and Technology,2022,United States,Rolla,North America,Public,511-520,,401–500,40.9–44.0,26.0,26.3,63.7,59.1,64.1,Very High,18.0,557.0,369.0,M
University of Balamand,2022,Lebanon,Beirut,Asia,Private,511-520,,Reporter,,,,,,,High,6.0,544.0,670.0,S
Wayne State University,2022,United States,Detroit,North America,Public,511-520,,401–500,40.9–44.0,32.5,18.9,73.1,48.2,36.2,Very High,8.0,1.278,2.699,L
Concordia University,2022,Canada,Montreal,North America,Public,521-530,,601–800,32.0–37.9,23.5,27.7,42.4,37.1,85.0,Very High,25.0,11.717,2282.0,XL
National Central University,2022,Taiwan,Taoyuan City,Asia,Public,521-530,,1001–1200,22.4–27.1,26.1,23.5,18.2,75.8,45.4,Very High,11.0,1.098,985.0,M
University of Bayreuth,2022,Germany,Bayreuth,Europe,Public,521-530,,351–400,44.1–46.0,35.8,37.2,55.7,57.3,60.6,Very High,9.0,993.0,892.0,M
University of Eastern Finland,2022,Finland,Kuopio,Europe,Public,521-530,,501–600,38.1–40.8,24.0,28.1,65.0,38.8,50.5,Very High,10.0,669.0,1.207,M
Ajou University,2022,South Korea,Suwon,Asia,Private,531-540,,601–800,32.0–37.9,28.1,36.2,39.3,77.8,38.1,Very High,7.0,1.001,1.333,M
Hitotsubashi University,2022,Japan,Kunitachi City,Asia,Public,531-540,,Reporter,,,,,,,Very High,11.0,802.0,571.0,M
Lehigh University,2022,United States,Bethlehem,North America,Private,531-540,,601–800,32.0–37.9,28.8,21.3,53.4,38.0,65.0,Very High,11.0,1.152,540.0,M
Nagasaki University,2022,Japan,Nagasaki City,Asia,Public,531-540,,1001–1200,22.4–27.1,25.9,13.7,23.6,39.8,34.4,Very High,7.0,439.0,1.303,M
University of Delaware,2022,United States,Newark,North America,Public,531-540,,301–350,46.1–48.0,28.9,38.4,68.8,94.6,49.4,Very High,17.0,2.337,1.272,L
Aberystwyth University,2022,United Kingdom,Aberystwyth,Europe,Public,541-550,,501–600,38.1–40.8,24.1,24.9,63.0,38.6,79.0,Very High,12.0,1.392,516.0,M
Niigata University,2022,Japan,Niigata City,Asia,Public,541-550,,801–1000,27.2–31.9,24.4,13.0,52.3,41.2,24.5,High,6.0,457.0,1.96,L
University of Ulsan,2022,South Korea,Ulsan,Asia,Private,541-550,,601–800,32.0–37.9,22.5,26.0,64.7,72.9,24.4,Very High,8.0,571.0,1.576,L
Abai Kazakh National Pedagogical University,2022,Kazakhstan,Almaty,Asia,Public,551-560,,Reporter,,,,,,,Medium,7.0,333.0,1.994,L
Aristotle University of Thessaloniki,2022,Greece,Thessaloniki,Europe,Public,551-560,,601–800,32.0–37.9,18.6,17.6,63.8,42.7,41.5,Very High,27.0,4.696,1.737,XL
Middle East Technical University,2022,Turkey,Ankara,Asia,Public,551-560,,601–800,32.0–37.9,32.9,32.5,32.9,99.8,41.1,Very High,17.0,1.683,1.049,L
Universidad Panamericana (UP),2022,Mexico,Mexico City,Latin America,Private,551-560,,Reporter,,,,,,,High,7.0,125.0,1.751,L
University of Szeged,2022,Hungary,Szeged,Europe,Public,551-560,,801–1000,27.2–31.9,23.8,14.4,42.3,37.9,60.1,High,10.0,4.285,1.965,L
Hallym University,2022,South Korea,Chuncheon,Asia,Private,561-570,,1201+,10.6–22.3,19.9,18.4,18.0,44.3,22.3,Very High,6.0,431.0,1.279,M
Inha University,2022,South Korea,Incheon,Asia,Private,561-570,,1001–1200,22.4–27.1,26.6,21.6,27.1,64.7,34.7,Very High,8.0,1.533,2.235,L
Jawaharlal Nehru University,2022,India,New Delhi,Asia,Public,561-570,,601–800,32.0–37.9,45.1,25.0,37.2,36.3,19.2,Very High,15.0,240.0,565.0,M
Cairo University,2022,Egypt,Giza,Africa,Public,571-580,,601–800,32.0–37.9,23.2,16.7,55.6,35.6,36.9,Very High,16.0,10.367,11.924,XL
Ivane Javakhishvili Tbilisi State University,2022,Georgia,Unknown,Asia,Public,571-580,,1201+,10.6–22.3,17.3,9.8,4.8,35.2,44.1,High,7.0,662.0,3.018,L
Jeonbuk National University,2022,South Korea,Jeonju,Asia,Public,571-580,,1001–1200,22.4–27.1,23.2,21.4,27.1,43.7,30.2,Very High,8.0,1.371,2.345,L
Osaka City University,2022,Japan,Osaka City,Asia,Public,571-580,,1201+,10.6–22.3,24.6,13.5,25.5,43.9,24.0,Very High,8.0,335.0,1.094,M
University of Minho,2022,Portugal,Braga,Europe,Public,571-580,,801–1000,27.2–31.9,24.0,22.8,38.6,52.3,57.1,Very High,9.0,2.538,2.182,L
Lebanese American University,2022,Lebanon,Byblos,Asia,Private,581-590,,801–1000,27.2–31.9,30.8,10.9,29.2,34.8,86.0,Medium,11.0,1.516,692.0,M
Murdoch University,2022,Australia,Murdoch,Oceania,Public,581-590,,501–600,38.1–40.8,20.9,27.2,58.5,46.2,92.6,Very High,21.0,3.106,613.0,L
Okayama University,2022,Japan,Okayama City,Asia,Public,581-590,,1001–1200,22.4–27.1,27.9,19.3,25.2,59.4,31.2,High,8.0,813.0,1.697,L
University of Guelph,2022,Canada,Guelph,North America,Public,581-590,,501–600,38.1–40.8,29.0,31.3,48.7,48.4,60.6,Very High,19.0,2.202,1.102,L
University of South Florida,2022,United States,Tampa,North America,Public,581-590,,201–250,50.4–53.9,30.2,35.9,85.8,91.2,55.1,Very High,18.0,5.211,2.171,XL
Bilkent University,2022,Turkey,Ankara,Asia,Private,591-600,,601–800,32.0–37.9,22.6,20.7,45.2,48.1,63.1,Very High,13.0,790.0,770.0,M
Kumamoto University,2022,Japan,Kumamoto City,Asia,Public,591-600,,1001–1200,22.4–27.1,25.8,15.1,27.6,45.2,32.2,Very High,8.0,359.0,1.267,M
National Chengchi University,2022,Taiwan,Taipei City,Asia,Public,591-600,,1001–1200,22.4–27.1,25.1,28.5,12.6,42.7,50.0,High,11.0,1.866,917.0,M
Savitribai Phule Pune University,2022,India,Pune,Asia,Public,591-600,,801–1000,27.2–31.9,35.0,26.2,32.8,36.2,16.4,Very High,6.0,135.0,686.0,S
University of Debrecen,2022,Hungary,Debrecen,Europe,Public,591-600,,801–1000,27.2–31.9,34.3,14.0,32.3,40.6,61.1,High,12.0,6.258,2.011,L
University of Ljubljana,2022,Slovenia,Ljubljana,Europe,Public,591-600,,801–1000,27.2–31.9,22.5,18.6,50.0,41.0,45.3,Very High,10.0,2.702,3.981,XL
Université du Québec,2022,Canada,Québec,North America,Public,591-600,,601–800,32.0–37.9,25.5,26.9,35.5,42.5,72.5,Very High,10.0,3.057,1.908,L
Ateneo de Manila University,2022,Philippines,Quezon City,Asia,Private,601-650,,Reporter,,,,,,,Medium,11.0,372.0,1.017,M
Bangor University,2022,United Kingdom,Unknown,Europe,Public,601-650,,401–500,40.9–44.0,25.1,25.2,68.1,35.2,81.9,Very High,12.0,2.196,740.0,M
Carleton University,2022,Canada,Ottawa,North America,Public,601-650,,601–800,32.0–37.9,22.1,29.8,52.3,40.3,71.6,Very High,28.0,5.371,939.0,L
Chiang Mai University,2022,Thailand,Chiang Mai,Asia,Public,601-650,,1001–1200,22.4–27.1,25.2,17.6,25.9,57.9,34.4,High,13.0,1.325,2.51,XL
Clark University,2022,United States,Worcester,North America,Private,601-650,,501–600,38.1–40.8,23.2,20.9,68.5,34.8,57.1,Very High,12.0,853.0,276.0,S
Coventry University,2022,United Kingdom,Coventry,Europe,Public,601-650,,601–800,32.0–37.9,20.0,13.9,47.7,35.0,92.7,High,14.0,15.552,2.304,XL
Gifu University,2022,Japan,Gifu City,Asia,Public,601-650,,1201+,10.6–22.3,24.0,12.2,17.2,39.6,25.2,Very High,7.0,290.0,1.003,M
Kanazawa University,2022,Japan,Kanazawa,Asia,Public,601-650,,1001–1200,22.4–27.1,27.0,18.8,25.8,37.8,27.5,Very High,8.0,567.0,1.239,M
Konkuk University,2022,South Korea,Seoul,Asia,Private,601-650,,601–800,32.0–37.9,32.8,37.8,31.1,47.2,50.8,Very High,9.0,2.065,2.571,L
Leibniz University Hannover,2022,Germany,Hanover,Europe,Public,601-650,,401–500,40.9–44.0,36.8,33.9,50.1,52.4,54.2,Very High,10.0,4.157,2.54,L
Pavol Jozef Šafárik University in Košice,2022,Slovakia,Unknown,Europe,Public,601-650,,1001–1200,22.4–27.1,38.8,10.0,16.3,34.9,64.4,High,8.0,1.548,810.0,M
Pusan National University,2022,South Korea,Busan,Asia,Public,601-650,,801–1000,27.2–31.9,31.8,30.4,24.3,45.6,26.0,Very High,11.0,1.63,2.211,L
Sejong University,2022,South Korea,Seoul,Asia,Private,601-650,,251–300,48.1–50.3,26.0,27.8,90.2,48.0,53.2,Very High,14.0,1.536,919.0,L
Taras Shevchenko National University of Kyiv,2022,Ukraine,Kyiv,Europe,Public,601-650,,1201+,10.6–22.3,23.4,11.4,8.3,35.4,31.3,Very High,10.0,1.545,2.442,L
Thammasat University,2022,Thailand,Bangkok,Asia,Public,601-650,,1201+,10.6–22.3,22.2,15.7,11.5,39.2,32.4,High,12.0,422.0,2.46,L
Tokyo University of Agriculture and Technology,2022,Japan,Tokyo,Asia,Public,601-650,,1001–1200,22.4–27.1,28.9,26.3,13.9,52.5,28.8,Very High,15.0,335.0,388.0,M
Universitat Ramon Llull,2022,Spain,Barcelona,Europe,Private,601-650,,401–500,40.9–44.0,20.0,16.6,82.0,38.1,65.9,High,18.0,2.877,963.0,L
University of Aveiro,2022,Portugal,Aveiro,Europe,Public,601-650,,801–1000,27.2–31.9,23.3,23.8,42.4,37.5,50.0,Very High,7.0,,1.4,M
University of Genoa,2022,Italy,Genoa,Europe,Public,601-650,,401–500,40.9–44.0,35.4,25.5,65.1,45.3,44.8,Very High,17.0,2.295,1.336,L
University of Hohenheim,2022,Germany,Stuttgart,Europe,Public,601-650,,197,54.0,34.4,31.2,97.5,48.5,51.4,Very High,22.0,1.219,401.0,M
University of Jordan,2022,Jordan,Amman,Asia,Public,601-650,,801–1000,27.2–31.9,27.9,13.0,43.8,39.5,66.9,High,14.0,4.851,2.19,XL
University of Manitoba,2022,Canada,Winnipeg,North America,Public,601-650,,301–350,46.1–48.0,32.0,30.7,74.4,35.6,55.9,Very High,10.0,4.77,3.137,XL
University of Plymouth,2022,United Kingdom,Plymouth,Europe,Public,601-650,,401–500,40.9–44.0,20.4,20.8,79.2,35.2,72.4,High,15.0,2.559,1.056,L
University of Pretoria,2022,South Africa,Pretoria,Africa,Public,601-650,,601–800,32.0–37.9,25.9,29.0,35.8,42.4,54.9,Very High,27.0,2.786,1.613,XL
University of Sharjah,2022,United Arab Emirates,Unknown,Asia,Private,601-650,,401–500,40.9–44.0,20.2,17.4,80.2,38.8,98.8,High,18.0,6.988,678.0,L
University of Siena,2022,Italy,Siena,Europe,Public,601-650,,601–800,32.0–37.9,21.6,23.5,62.8,39.3,43.6,High,16.0,1.5,741.0,L
Victoria University,2022,Australia,Melbourne,Oceania,Public,601-650,,401–500,40.9–44.0,27.0,28.8,63.4,43.9,87.8,High,33.0,5.336,507.0,L
American University,2022,United States,Washington D.C.,North America,Private,651-700,,501–600,38.1–40.8,40.2,17.4,65.4,41.4,34.3,High,11.0,1.305,1.091,M
Drexel University,2022,United States,Philadelphia,North America,Private,651-700,,351–400,44.1–46.0,35.2,21.9,76.2,42.5,51.7,Very High,11.0,2.526,1.837,L
Edith Cowan University,2022,Australia,Joondalup,Oceania,Public,651-700,,401–500,40.9–44.0,19.2,24.4,73.2,38.8,86.5,Very High,18.0,4.815,863.0,L
Eötvös Loránd University,2022,Hungary,Budapest,Europe,Public,651-700,,601–800,32.0–37.9,32.0,16.3,50.4,35.3,53.8,Very High,12.0,3.517,2.302,L
Free University of Bozen-Bolzano,2022,Italy,Bolzano,Europe,Public,651-700,,401–500,40.9–44.0,20.9,16.8,77.8,36.5,76.7,Very High,15.0,621.0,279.0,S
Howard University,2022,United States,Washington D.C.,North America,Private,651-700,,251–300,48.1–50.3,43.9,16.1,95.7,34.8,35.4,High,8.0,531.0,1.111,M
Jadavpur University,2022,India,Kolkata,Asia,Public,651-700,,801–1000,27.2–31.9,35.6,24.3,25.0,43.3,16.0,Very High,15.0,67.0,718.0,M
Kagoshima University,2022,Japan,Kagoshima City,Asia,Public,651-700,,1201+,10.6–22.3,21.2,11.6,15.9,41.9,24.7,High,8.0,343.0,1.331,M
King Khalid University,2022,Saudi Arabia,Abha,Asia,Public,651-700,,801–1000,27.2–31.9,24.1,8.1,46.5,34.8,81.0,High,11.0,1.171,3.544,XL
National Chung Hsing University,2022,Taiwan,Taichung City,Asia,Public,651-700,,1201+,10.6–22.3,22.7,21.5,17.9,51.2,29.1,Very High,12.0,957.0,1.068,L
National and Kapodistrian University of Athens,2022,Greece,Athens,Europe,Public,651-700,,401–500,40.9–44.0,22.7,18.1,81.1,68.6,55.2,Very High,31.0,6.228,2.164,XL
Syracuse University,2022,United States,Syracuse,North America,Private,651-700,,351–400,44.1–46.0,35.4,29.7,69.7,35.8,49.8,Very High,14.0,3.571,1.374,L
Tokushima University,2022,Japan,Tokushima City,Asia,Public,651-700,,1201+,10.6–22.3,23.8,18.0,15.0,62.8,24.3,Very High,8.0,205.0,967.0,M
Ulster University,2022,United Kingdom,Coleraine,Europe,Public,651-700,,601–800,32.0–37.9,24.5,19.6,47.5,37.1,77.7,Very High,13.0,1.845,1.152,L
University of Crete,2022,Greece,Heraklion,Europe,Public,651-700,,401–500,40.9–44.0,19.3,22.3,87.1,39.5,48.2,High,32.0,608.0,437.0,L
University of Hull,2022,United Kingdom,Hull,Europe,Public,651-700,,601–800,32.0–37.9,23.4,23.9,56.6,36.5,77.8,High,13.0,2.412,996.0,L
University of Kentucky,2022,United States,Lexington,North America,Public,651-700,,501–600,38.1–40.8,36.8,27.5,56.7,39.2,38.8,Very High,12.0,1.294,2.239,L
University of Oregon,2022,United States,Eugene,North America,Public,651-700,,351–400,44.1–46.0,31.0,21.5,85.3,36.4,35.3,Very High,13.0,1.74,1.583,L
University of Portsmouth,2022,United Kingdom,Portsmouth,Europe,Public,651-700,,501–600,38.1–40.8,20.0,17.8,70.6,35.6,90.0,Very High,16.0,5.827,1.359,L
University of Salamanca,2022,Spain,Salamanca,Europe,Public,651-700,,801–1000,27.2–31.9,23.9,19.1,34.7,37.5,55.1,High,13.0,4.197,2.034,L
University of Trieste,2022,Italy,Trieste,Europe,Public,651-700,,501–600,38.1–40.8,30.1,24.2,66.2,36.9,47.8,High,22.0,1.287,736.0,L
Zayed University,2022,United Arab Emirates,"Abu Dhabi,",Asia,Public,651-700,,601–800,32.0–37.9,17.6,16.1,64.9,35.9,74.0,High,11.0,145.0,634.0,M
Ajman University,2022,United Arab Emirates,Ajman,Asia,Private,701-750,,Reporter,,,,,,,Medium,17.0,4.089,303.0,M
Al Ain University,2022,United Arab Emirates,"Al Ain,",Asia,Private,701-750,,Reporter,,,,,,,High,15.0,1.596,194.0,S
Charles Darwin University,2022,Australia,Casuarina,Oceania,Public,701-750,,501–600,38.1–40.8,23.0,30.0,55.9,46.8,79.4,Very High,23.0,2.449,347.0,M
Gunma University,2022,Japan,Maebashi,Asia,Public,701-750,,1201+,10.6–22.3,25.3,13.7,18.0,39.1,21.7,Very High,6.0,247.0,1.067,M
Indian Institute of Technology Bhubaneswar,2022,India,Bhubaneswar,Asia,Public,701-750,,1001–1200,22.4–27.1,24.9,13.1,40.0,36.1,18.8,Very High,13.0,1.0,161.0,S
Instituto Tecnológico de Buenos Aires (ITBA),2022,Argentina,Buenos Aires,Latin America,Private,701-750,,Reporter,,,,,,,High,16.0,333.0,220.0,S
Istanbul Technical University,2022,Turkey,Maslak-Istanbul,Asia,Public,701-750,,601–800,32.0–37.9,28.3,34.8,27.6,100.0,36.9,Very High,13.0,3.196,1.8,L
Jouf University,2022,Saudi Arabia,Sakaka,Asia,Public,701-750,,Reporter,,,,,,,Medium,10.0,614.0,2.371,L
Lebanese University,2022,Lebanon,Beirut,Asia,Public,701-750,,1001–1200,22.4–27.1,25.9,12.5,16.0,34.9,78.2,Medium,15.0,7.754,3.206,XL
Middlesex University,2022,United Kingdom,London,Europe,Public,701-750,,401–500,40.9–44.0,21.4,20.1,77.0,35.2,89.5,High,17.0,8.159,943.0,L
Osaka Prefecture University,2022,Japan,Osaka City,Asia,Public,701-750,,1201+,10.6–22.3,21.3,15.5,14.3,45.2,22.6,Very High,9.0,299.0,865.0,M
Stevens Institute of Technology,2022,United States,Hoboken,North America,Private,701-750,,601–800,32.0–37.9,22.5,18.2,62.3,37.4,72.6,Very High,20.0,1.919,315.0,M
Sumy State University,2022,Ukraine,Sumy,Europe,Public,701-750,,501–600,38.1–40.8,21.0,11.5,79.9,40.7,53.1,High,9.0,1.677,893.0,M
Tokyo Metropolitan University,2022,Japan,Tokyo,Asia,Public,701-750,,601–800,32.0–37.9,24.4,14.5,59.4,39.3,27.8,Very High,11.0,562.0,822.0,M
University of Bradford,2022,United Kingdom,Bradford,Europe,Public,701-750,,601–800,32.0–37.9,21.4,19.6,49.3,37.9,79.8,Very High,17.0,2.27,500.0,M
University of Haifa,2022,Israel,Haifa,Asia,Public,701-750,,601–800,32.0–37.9,24.0,22.7,64.5,35.7,39.7,Very High,8.0,887.0,1.978,L
University of Houston,2022,United States,Houston,North America,Public,701-750,,601–800,32.0–37.9,33.1,25.8,50.0,36.6,43.5,Very High,22.0,3.049,1.702,XL
University of Huddersfield,2022,United Kingdom,Huddersfield,Europe,Public,701-750,,601–800,32.0–37.9,24.3,23.4,49.9,37.5,81.3,Very High,18.0,3.827,816.0,L
University of Modena and Reggio Emilia,2022,Italy,Modena,Europe,Public,701-750,,401–500,40.9–44.0,30.8,22.8,72.4,49.0,38.9,High,31.0,1.066,684.0,L
University of Southern Queensland,2022,Australia,Toowoomba,Oceania,Public,701-750,,401–500,40.9–44.0,21.7,23.8,74.2,38.9,79.3,Very High,23.0,2.111,523.0,M
University of Westminster,2022,United Kingdom,London,Europe,Public,701-750,,801–1000,27.2–31.9,17.9,17.9,38.0,35.4,83.1,High,20.0,8.591,861.0,L
University of Windsor,2022,Canada,Windsor,North America,Public,701-750,,601–800,32.0–37.9,34.2,28.1,33.2,48.5,87.3,High,41.0,2.414,323.0,L
University of the Basque Country,2022,Spain,Leioa,Europe,Public,701-750,,801–1000,27.2–31.9,20.7,20.2,50.2,37.8,44.6,Very High,11.0,2.029,3.5,XL
Université Côte d'Azur,2022,France,Unknown,Europe,Public,701-750,,401–500,40.9–44.0,26.3,19.9,72.1,35.6,76.2,High,23.0,5.715,1.343,XL
Bournemouth University,2022,United Kingdom,Poole,Europe,Public,751-800,,351–400,44.1–46.0,33.6,21.3,74.6,35.1,82.1,High,20.0,3.075,773.0,L
Chonnam National University,2022,South Korea,Gwangju,Asia,Public,751-800,,1001–1200,22.4–27.1,23.0,21.4,28.2,41.2,30.7,Very High,9.0,1.609,2.342,L
Chungnam National University,2022,South Korea,Daejeon,Asia,Public,751-800,,1001–1200,22.4–27.1,24.6,23.6,17.5,45.3,23.5,Very High,10.0,1.837,1.977,L
Clarkson University,2022,United States,Potsdam,North America,Private,751-800,,801–1000,27.2–31.9,27.6,17.3,43.0,39.6,50.8,Very High,14.0,384.0,291.0,S
Georgia State University,2022,United States,Atlanta,North America,Public,751-800,,401–500,40.9–44.0,32.9,25.9,65.8,36.0,44.5,Very High,24.0,1.756,1.281,XL
Instituto Politécnico Nacional (IPN),2022,Mexico,Ciudad de México,Latin America,Public,751-800,,1201+,10.6–22.3,18.7,9.7,13.6,40.7,25.0,Very High,16.0,463.0,8.262,XL
Jamia Millia Islamia,2022,India,Unknown,Asia,Public,751-800,,601–800,32.0–37.9,31.9,11.9,63.5,36.6,25.8,Very High,9.0,259.0,935.0,M
Keele University,2022,United Kingdom,Keele,Europe,Public,751-800,,501–600,38.1–40.8,21.8,24.2,64.2,35.7,71.5,Very High,13.0,1.392,707.0,M
Maynooth University,2022,Ireland,Maynooth,Europe,Public,751-800,,501–600,38.1–40.8,22.2,27.6,61.5,37.7,79.0,Very High,16.0,1.335,686.0,M
Memorial University of Newfoundland,2022,Canada,St. John's,North America,Public,751-800,,601–800,32.0–37.9,23.0,20.6,46.4,59.6,80.7,High,15.0,3.4,1.089,L
Princess Nourah bint Abdulrahman University,2022,Saudi Arabia,Unknown,Asia,Public,751-800,,Reporter,,,,,,,Medium,12.0,4.408,2.324,L
Riga Technical University,2022,Latvia,Riga,Europe,Public,751-800,,1001–1200,22.4–27.1,22.4,20.1,15.8,62.6,57.3,Very High,12.0,2.197,891.0,M
Ritsumeikan University,2022,Japan,Kyoto,Asia,Private,751-800,,1201+,10.6–22.3,19.3,13.1,17.1,37.2,37.7,High,17.0,2.697,2.095,XL
Southern Cross University,2022,Australia,Lismore,Oceania,Public,751-800,,601–800,32.0–37.9,19.7,23.0,57.0,44.4,71.4,Very High,22.0,3.034,446.0,M
Temple University,2022,United States,Philadelphia,North America,Public,751-800,,301–350,46.1–48.0,38.4,24.6,79.4,34.8,38.9,Very High,12.0,2.097,2.767,XL
Universiti Tenaga Nasional (UNITEN),2022,Malaysia,Kajang,Asia,Private,751-800,,801–1000,27.2–31.9,18.9,14.9,46.9,91.0,48.5,Very High,10.0,652.0,469.0,S
University of Brescia,2022,Italy,Brescia,Europe,Public,751-800,,351–400,44.1–46.0,24.6,18.1,93.9,39.6,44.7,Very High,20.0,1.003,523.0,M
University of Central Florida,2022,United States,Orlando,North America,Public,751-800,,601–800,32.0–37.9,27.2,28.6,56.6,45.5,34.5,Very High,25.0,2.562,2.146,XL
University of Denver,2022,United States,Denver,North America,Private,751-800,,401–500,40.9–44.0,39.3,23.8,72.2,35.9,27.9,Very High,10.0,599.0,1.0,M
University of Greenwich,2022,United Kingdom,Unknown,Europe,Public,751-800,,601–800,32.0–37.9,17.7,15.9,60.3,35.8,93.5,High,19.0,7.04,879.0,L
"University of Maryland, Baltimore County",2022,United States,Baltimore,North America,Public,751-800,,601–800,32.0–37.9,23.5,23.8,61.2,35.7,38.3,High,14.0,1.074,834.0,M
University of Zagreb,2022,Croatia,Zagreb,Europe,Public,751-800,,1001–1200,22.4–27.1,20.5,14.0,30.3,44.1,35.2,Very High,11.0,655.0,5.259,XL
Worcester Polytechnic Institute,2022,United States,Worcester,North America,Private,751-800,,601–800,32.0–37.9,24.4,19.3,50.1,37.0,52.6,Very High,14.0,837.0,432.0,M
"Adam Mickiewicz University, Poznań",2022,Poland,Poznań,Europe,Public,801-1000,,1001–1200,22.4–27.1,20.8,18.4,31.2,37.1,32.0,Very High,12.0,1.157,2.808,XL
Ain Shams University,2022,Egypt,Cairo,Africa,Public,801-1000,,1001–1200,22.4–27.1,22.1,10.4,43.3,35.9,36.9,High,14.0,9.128,10.912,XL
Anna University,2022,India,Chennai,Asia,Public,801-1000,,801–1000,27.2–31.9,21.9,27.2,39.5,44.6,15.4,Very High,21.0,197.0,730.0,L
Auburn University,2022,United States,Auburn,North America,Public,801-1000,,601–800,32.0–37.9,31.1,22.7,47.5,41.8,48.1,Very High,18.0,2.283,1.507,L
Australian Catholic University,2022,Australia,Melbourne,Oceania,Public,801-1000,,251–300,48.1–50.3,19.5,27.5,95.9,36.6,80.2,Very High,21.0,4.788,1.109,L
Bangladesh University of Engineering and Technology,2022,Bangladesh,Dhaka,Asia,Public,801-1000,,1201+,10.6–22.3,18.1,12.9,27.8,35.2,23.8,Very High,13.0,11.0,486.0,M
Beirut Arab University,2022,Lebanon,Beirut,Asia,Private,801-1000,,Reporter,,,,,,,Medium,12.0,1.22,561.0,M
Bielefeld University,2022,Germany,Bielefeld,Europe,Public,801-1000,,166,56.5,36.4,41.8,94.4,42.4,48.1,Very High,17.0,1.817,1.501,L
Budapest University of Technology and Economics,2022,Hungary,Budapest,Europe,Public,801-1000,,1201+,10.6–22.3,18.0,15.4,20.5,44.6,39.5,Very High,14.0,1.988,1.32,L
CY Cergy Paris University,2022,France,Unknown,Europe,Public,801-1000,,601–800,32.0–37.9,24.6,24.8,49.2,41.0,88.5,Very High,11.0,1.789,790.0,M
Charles Sturt University,2022,Australia,Thurgoona,Oceania,Public,801-1000,,801–1000,27.2–31.9,16.9,16.9,41.7,35.5,70.3,Very High,12.0,4.862,971.0,M
Clemson University,2022,United States,Clemson,North America,Public,801-1000,,801–1000,27.2–31.9,26.5,21.5,41.2,39.9,42.2,Very High,15.0,1.418,1.558,L
Corvinus University of Budapest,2022,Hungary,Budapest,Europe,Private,801-1000,,1201+,10.6–22.3,17.1,13.6,22.1,35.0,48.4,High,24.0,1.332,533.0,L
De La Salle University,2022,Philippines,Manila,Asia,Private,801-1000,,1201+,10.6–22.3,19.0,12.9,21.8,34.8,26.0,High,15.0,356.0,788.0,L
De Montfort University,2022,United Kingdom,Leicester,Europe,Public,801-1000,,601–800,32.0–37.9,17.5,15.0,51.1,34.9,86.5,High,21.0,9.344,1.221,L
Edinburgh Napier University,2022,United Kingdom,Edinburgh,Europe,Public,801-1000,,501–600,38.1–40.8,17.5,15.7,72.3,35.2,85.1,High,21.0,3.992,613.0,L
Florida International University,2022,United States,Miami,North America,Public,801-1000,,501–600,38.1–40.8,32.1,27.8,62.4,35.6,40.3,High,16.0,3.575,2.221,XL
Gdańsk University of Technology,2022,Poland,Gdańsk,Europe,Public,801-1000,,1001–1200,22.4–27.1,18.7,15.5,35.3,44.6,28.1,Very High,10.0,488.0,1.187,L
George Mason University,2022,United States,Fairfax,North America,Public,801-1000,,251–300,48.1–50.3,32.0,28.5,84.9,36.0,48.5,Very High,15.0,2.737,2.011,L
Hacettepe University,2022,Turkey,Ankara,Asia,Public,801-1000,,601–800,32.0–37.9,26.8,13.5,61.1,37.0,24.3,High,16.0,1.258,2.912,XL
International Christian University,2022,Japan,Tokyo,Asia,Private,801-1000,,Reporter,,,,,,,Medium,15.0,362.0,221.0,S
Istanbul University,2022,Turkey,Istanbul,Asia,Public,801-1000,,1001–1200,22.4–27.1,23.4,20.4,32.9,46.7,30.8,High,27.0,7.072,2.429,XL
Kansas State University,2022,United States,Manhattan,North America,Public,801-1000,,801–1000,27.2–31.9,26.6,21.1,43.4,41.4,47.3,Very High,14.0,1.481,1.371,L
Kasetsart University,2022,Thailand,Bangkok,Asia,Public,801-1000,,1201+,10.6–22.3,18.6,12.1,12.4,43.5,34.1,High,19.0,671.0,3.489,XL
Kaunas University of Technology,2022,Lithuania,Kaunas,Europe,Public,801-1000,,1201+,10.6–22.3,17.4,13.2,15.2,41.3,41.9,Very High,11.0,656.0,719.0,M
Khon Kaen University,2022,Thailand,Khon Kaen,Asia,Public,801-1000,,1201+,10.6–22.3,24.1,14.2,18.7,54.5,31.7,High,17.0,1.185,1.862,XL
King Faisal University,2022,Saudi Arabia,Hofuf,Asia,Public,801-1000,,1001–1200,22.4–27.1,17.7,7.8,41.0,39.7,73.7,High,17.0,681.0,2.1,XL
Kyoto Institute of Technology,2022,Japan,Kyoto,Asia,Public,801-1000,,1201+,10.6–22.3,21.2,15.6,7.1,43.4,26.9,Very High,13.0,361.0,310.0,S
Liverpool John Moores University,2022,United Kingdom,Liverpool ,Europe,Public,801-1000,,401–500,40.9–44.0,20.9,18.6,78.7,35.3,75.6,Very High,16.0,3.438,1.367,L
Lodz University of Technology,2022,Poland,Lodz,Europe,Public,801-1000,,1201+,10.6–22.3,18.7,13.9,20.9,42.4,25.8,Very High,10.0,473.0,1.207,L
London Metropolitan University,2022,United Kingdom,London,Europe,Public,801-1000,,Reporter,,,,,,,High,19.0,3.625,442.0,M
London South Bank University,2022,United Kingdom,London,Europe,Public,801-1000,,801–1000,27.2–31.9,17.4,12.1,43.3,35.4,84.2,High,16.0,4.521,814.0,L
Louisiana State University,2022,United States,Baton Rouge,North America,Public,801-1000,,601–800,32.0–37.9,32.6,23.3,49.4,36.1,39.0,Very High,21.0,1.315,1.49,XL
Lviv Polytechnic National University,2022,Ukraine,Unknown,Europe,Public,801-1000,,601–800,32.0–37.9,20.0,10.1,69.6,35.8,24.5,High,10.0,250.0,2.148,L
National Chung Cheng University,2022,Taiwan,Minxiong Township,Asia,Public,801-1000,,1201+,10.6–22.3,20.2,21.0,12.8,46.3,23.6,Very High,12.0,650.0,710.0,M
Nottingham Trent University,2022,United Kingdom,Nottingham,Europe,Public,801-1000,,501–600,38.1–40.8,20.3,14.9,77.0,35.5,78.2,High,17.0,7.07,,XL
Oklahoma State University,2022,United States,Stillwater,North America,Public,801-1000,,501–600,38.1–40.8,29.6,20.3,67.5,38.1,45.6,High,14.0,1.617,1.484,L
Pondicherry University,2022,India,Puducherry,Asia,Public,801-1000,,1001–1200,22.4–27.1,35.7,19.4,18.7,34.8,15.3,Very High,19.0,40.0,322.0,M
Prince of Songkla University,2022,Thailand,Hat Yai,Asia,Public,801-1000,,1201+,10.6–22.3,17.9,10.9,15.7,39.1,31.8,High,13.0,685.0,2.553,XL
Qassim University,2022,Saudi Arabia,Buraydah,Asia,Public,801-1000,,1201+,10.6–22.3,18.8,8.1,24.8,36.1,75.3,Medium,12.0,2.901,4.148,XL
Robert Gordon University,2022,United Kingdom,Aberdeen,Europe,Public,801-1000,,1001–1200,22.4–27.1,16.7,12.5,25.9,36.4,77.5,High,19.0,2.387,518.0,M
Shinshu University,2022,Japan,Matsumoto City,Asia,Public,801-1000,,1201+,10.6–22.3,21.9,14.1,25.8,41.9,26.8,Very High,10.0,387.0,1.055,M
Silesian University of Technology,2022,Poland,Gliwice,Europe,Public,801-1000,,1201+,10.6–22.3,17.6,12.6,21.8,41.4,19.7,Very High,11.0,270.0,1.632,L
Slovak University of Technology in Bratislava,2022,Slovakia,Bratislava,Europe,Public,801-1000,,1201+,10.6–22.3,21.7,11.2,8.1,38.3,30.0,Very High,10.0,375.0,1.255,L
Sophia University,2022,Japan,Tokyo,Asia,Private,801-1000,,1201+,10.6–22.3,21.8,10.4,10.3,35.4,44.1,High,13.0,1.786,1.071,L
TU Dortmund University,2022,Germany,Dortmund,Europe,Public,801-1000,,401–500,40.9–44.0,37.3,42.7,49.8,48.5,42.9,Very High,11.0,2.405,2.137,L
Technological University Dublin,2022,Ireland,Dublin,Europe,Public,801-1000,,1001–1200,22.4–27.1,17.0,12.0,30.8,35.1,71.3,High,15.0,4.118,1.445,L
Texas Tech University,2022,United States,Lubbock,North America,Public,801-1000,,601–800,32.0–37.9,27.9,19.1,48.0,36.1,52.8,High,19.0,2.196,1.772,XL
Tokyo University of Science,2022,Japan,Kagurazaka,Asia,Private,801-1000,,1201+,10.6–22.3,23.6,23.1,13.8,46.8,23.0,Very High,16.0,555.0,1.136,L
Universidad Nacional Mayor de San Marcos,2022,Peru,Lima,Latin America,Public,801-1000,,1201+,10.6–22.3,16.4,9.3,4.0,34.8,39.5,Medium,23.0,,1.539,XL
Universidade Federal de Santa Catarina,2022,Brazil,Florianópolis,Latin America,Public,801-1000,,801–1000,27.2–31.9,28.1,13.8,47.1,44.4,30.9,Very High,11.0,593.0,2.952,XL
Universitas Padjadjaran,2022,Indonesia,Bandung,Asia,Public,801-1000,,1201+,10.6–22.3,23.7,9.8,15.2,39.5,26.7,Very High,10.0,314.0,3.116,XL
Universiti Malaysia Perlis,2022,Malaysia,Kangar,Asia,Public,801-1000,,1001–1200,22.4–27.1,20.0,10.6,46.3,35.1,29.3,Very High,10.0,477.0,1.127,M
Universiti Tunku Abdul Rahman (UTAR),2022,Malaysia,Sungai Long,Asia,Private,801-1000,,1001–1200,22.4–27.1,16.6,14.2,34.5,38.4,34.2,Medium,16.0,342.0,1.124,L
University of Alicante,2022,Spain,Alicante,Europe,Public,801-1000,,1201+,10.6–22.3,20.0,17.1,23.5,36.9,39.5,Very High,12.0,2.286,1.838,L
University of Baghdad,2022,Iraq,Baghdad,Asia,Public,801-1000,,1201+,10.6–22.3,20.3,8.7,14.3,35.4,19.5,High,10.0,96.0,6.696,XL
University of Bahrain,2022,Bahrain,Zallaq,Asia,Public,801-1000,,Reporter,,,,,,,Medium,13.0,2.993,1.283,L
University of Brighton,2022,United Kingdom,Unknown,Europe,Public,801-1000,,601–800,32.0–37.9,19.8,15.5,54.4,35.2,76.6,High,15.0,3.215,993.0,L
University of Calcutta,2022,India,Kolkata,Asia,Public,801-1000,,1201+,10.6–22.3,35.7,11.9,14.9,43.5,16.4,Very High,20.0,103.0,773.0,L
University of Dhaka,2022,Bangladesh,Dhaka,Asia,Public,801-1000,,801–1000,27.2–31.9,16.3,8.4,61.8,35.2,42.6,Medium,15.0,48.0,2.268,XL
University of East London,2022,United Kingdom,London,Europe,Public,801-1000,,801–1000,27.2–31.9,23.5,15.1,32.3,35.0,80.9,High,22.0,5.472,582.0,L
University of Engineering & Technology (UET) Lahore,2022,Pakistan,Lahore,Asia,Public,801-1000,,1201+,10.6–22.3,17.2,9.2,31.2,34.8,45.5,Very High,13.0,681.0,1.02,L
University of Hertfordshire,2022,United Kingdom,Hatfield,Europe,Public,801-1000,,601–800,32.0–37.9,18.8,12.9,51.1,35.3,84.3,High,17.0,7.499,1.234,L
University of Lincoln,2022,United Kingdom,Lincoln,Europe,Public,801-1000,,501–600,38.1–40.8,17.2,16.0,79.9,35.5,73.3,High,16.0,1.477,959.0,L
University of Lodz,2022,Poland,Lodz,Europe,Public,801-1000,,1201+,10.6–22.3,19.4,14.2,13.3,35.2,32.3,Very High,10.0,1.759,2.099,L
University of Malta,2022,Malta,Msida,Europe,Public,801-1000,,801–1000,27.2–31.9,19.4,16.3,52.9,35.2,59.1,High,10.0,816.0,900.0,M
University of Maribor,2022,Slovenia,Maribor,Europe,Public,801-1000,,1001–1200,22.4–27.1,18.3,16.8,28.3,41.3,39.3,High,10.0,859.0,1.248,L
University of Murcia,2022,Spain,Murcia,Europe,Public,801-1000,,1001–1200,22.4–27.1,19.5,15.7,37.1,37.0,40.7,High,11.0,1.72,2.466,L
University of Palermo,2022,Italy,Palermo,Europe,Public,801-1000,,601–800,32.0–37.9,17.3,20.1,60.1,35.5,31.4,Very High,20.0,504.0,1.434,L
University of Parma,2022,Italy,Parma,Europe,Public,801-1000,,601–800,32.0–37.9,18.7,21.6,69.8,40.9,37.7,High,28.0,1801.0,1007.0,L
University of Patras,2022,Greece,Patras,Europe,Public,801-1000,,801–1000,27.2–31.9,18.1,13.4,47.0,40.3,38.2,High,30.0,1126.0,865.0,L
University of Salerno,2022,Italy,Fisciano,Europe,Public,801-1000,,401–500,40.9–44.0,17.9,22.4,85.1,37.8,35.2,Very High,22.0,455.0,1174.0,L
University of Salford,2022,United Kingdom,Salford,Europe,Public,801-1000,,801–1000,27.2–31.9,20.5,16.3,42.1,36.3,71.6,High,17.0,3783.0,1124.0,L
University of Seoul,2022,South Korea,Seoul,Asia,Public,801-1000,,1001–1200,22.4–27.1,25.2,18.8,26.8,40.4,29.3,Very High,11.0,528.0,787.0,M
University of Texas at San Antonio,2022,United States,San Antonio,North America,Public,801-1000,,601–800,32.0–37.9,19.8,20.1,70.3,37.1,38.9,Very High,22.0,775.0,1182.0,L
University of Wyoming,2022,United States,Laramie,North America,Public,801-1000,,601–800,32.0–37.9,30.4,13.4,54.3,36.9,35.8,Very High,12.0,564.0,904.0,M
University of the Punjab,2022,Pakistan,Lahore,Asia,Public,801-1000,,1001–1200,22.4–27.1,22.5,13.1,28.8,35.5,35.8,Very High,20.0,180.0,1340.0,L
University of Žilina,2022,Slovakia,Zilina,Europe,Public,801-1000,,1001–1200,22.4–27.1,20.9,16.8,34.9,40.3,32.8,Very High,10.0,224.0,750.0,M
Verona University,2022,Italy,Verona,Europe,Public,801-1000,,401–500,40.9–44.0,29.2,22.7,76.1,45.8,42.4,High,18.0,726.0,904.0,L
"Vietnam National University, Hanoi",2022,Vietnam,Hanoi,Asia,Public,801-1000,,1001–1200,22.4–27.1,19.4,10.5,41.5,36.6,45.6,High,14.0,545.0,2919.0,XL
Vytautas Magnus University,2022,Lithuania,Kaunas,Europe,Public,801-1000,,1201+,10.6–22.3,18.4,13.0,11.2,34.9,76.2,Very High,11.0,994.0,686.0,M
Yamaguchi University,2022,Japan,Yamaguchi City,Asia,Public,801-1000,,1201+,10.6–22.3,21.6,12.4,14.0,42.0,29.5,High,9.0,350.0,1113.0,M
Yeungnam University,2022,South Korea,Gyeongsan,Asia,Private,801-1000,,801–1000,27.2–31.9,20.1,14.1,50.6,41.1,39.5,High,14.0,1661.0,1478.0,L
Yokohama National University,2022,Japan,Yokohama City,Asia,Public,801-1000,,1201+,10.6–22.3,22.6,17.6,13.7,52.9,30.3,Very High,13.0,839.0,760.0,M
Al-Azhar University,2022,Egypt,Cairo,Africa,Public,1001-1200,,1001–1200,22.4–27.1,14.4,9.3,41.5,34.8,47.4,High,16.0,20664.0,18933.0,XL
Alexandria University,2022,Egypt,Alexandria,Africa,Public,1001-1200,,1001–1200,22.4–27.1,18.5,12.8,43.8,38.6,45.4,High,19.0,5325.0,9852.0,XL
Aligarh Muslim University,2022,India,Aligarh,Asia,Public,1001-1200,,801–1000,27.2–31.9,30.2,12.6,47.4,39.3,25.3,Very High,12.0,386.0,1535.0,L
Amrita Vishwa Vidyapeetham,2022,India,Amritapuri,Asia,Private,1001-1200,,801–1000,27.2–31.9,25.2,17.3,43.5,58.8,40.5,High,11.0,273.0,1696.0,L
Anadolu University,2022,Turkey,Eskisehir,Asia,Public,1001-1200,,1201+,10.6–22.3,23.9,11.8,23.2,38.8,21.3,Very High,14.0,730.0,1509.0,L
Assiut University,2022,Egypt,Asyut,Africa,Public,1001-1200,,1001–1200,22.4–27.1,17.0,9.7,40.3,34.8,46.8,High,14.0,1462.0,5222.0,XL
Athens University of Economics and Business,2022,Greece,Athens,Europe,Public,1001-1200,,801–1000,27.2–31.9,19.7,23.8,45.2,38.5,47.9,Very High,45.0,564.0,233.0,M
Azerbaijan State University of Economics,2022,Azerbaijan,Baku,Asia,Public,1001-1200,,Reporter,,,,,,,Medium,12.0,362.0,1451.0,L
Baku State University,2022,Azerbaijan,Baku,Asia,Public,1001-1200,,1201+,10.6–22.3,16.8,7.6,6.6,34.8,41.1,High,11.0,364.0,2106.0,L
Banaras Hindu University,2022,India,Varanasi,Asia,Public,1001-1200,,601–800,32.0–37.9,35.4,18.2,58.4,34.9,18.9,High,18.0,436.0,5525.0,XL
Baylor University,2022,United States,Waco,North America,Private,1001-1200,,801–1000,27.2–31.9,32.4,18.1,42.4,35.3,34.6,Very High,13.0,777.0,1294.0,L
Belarusian State University of Informatics and Radioelectronics,2022,Belarus,Minsk,Europe,Public,1001-1200,,Reporter,,,,,,,Medium,20.0,417.0,703.0,L
Benemérita Universidad Autónoma de Puebla,2022,Mexico,Puebla,Latin America,Public,1001-1200,,1201+,10.6–22.3,13.9,8.9,12.2,34.8,29.0,Medium,32.0,283.0,2414.0,XL
"Birla Institute of Technology and Science, Pilani",2022,India,Pilani,Asia,Private,1001-1200,,801–1000,27.2–31.9,20.0,11.1,53.6,36.0,18.8,Very High,18.0,289.0,776.0,L
Birmingham City University,2022,United Kingdom,Birmingham,Europe,Public,1001-1200,,501–600,38.1–40.8,17.1,10.8,81.2,34.9,66.9,High,16.0,6130.0,1417.0,L
British University in Egypt,2022,Egypt,Sharqia,Africa,Private,1001-1200,,Reporter,,,,,,,High,14.0,319.0,786.0,M
COMSATS University Islamabad,2022,Pakistan,Islamabad,Asia,Public,1001-1200,,801–1000,27.2–31.9,16.8,10.3,61.3,34.9,46.1,Very High,15.0,417.0,2264.0,XL
Canterbury Christ Church University,2022,United Kingdom,Bexleyheath,Europe,Public,1001-1200,,1001–1200,22.4–27.1,19.1,12.9,28.3,35.0,45.3,High,17.0,1522.0,674.0,M
Chung Yuan Christian University,2022,Taiwan,Taoyuan City,Asia,Public,1001-1200,,1001–1200,22.4–27.1,17.1,22.0,26.5,43.7,41.7,High,21.0,1246.0,727.0,L
Chungbuk National University,2022,South Korea,Cheongju,Asia,Public,1001-1200,,1201+,10.6–22.3,19.7,17.9,19.4,41.0,26.6,High,11.0,875.0,1324.0,L
Diponegoro University,2022,Indonesia,Semarang,Asia,Public,1001-1200,,1201+,10.6–22.3,21.6,10.5,11.7,43.4,26.6,High,14.0,741.0,2852.0,XL
Doshisha University,2022,Japan,Kyoto,Asia,Private,1001-1200,,1201+,10.6–22.3,18.7,10.3,5.7,36.0,28.4,High,20.0,1213.0,1441.0,L
Escuela Politécnica Nacional,2022,Ecuador,Unknown,Latin America,Public,1001-1200,,1201+,10.6–22.3,16.7,9.0,23.3,35.9,52.6,High,15.0,80.0,476.0,M
Feng Chia University,2022,Taiwan,Taichung City,Asia,Private,1001-1200,,1201+,10.6–22.3,18.6,16.7,14.4,38.8,37.0,Very High,22.0,1425.0,855.0,L
Fu Jen Catholic University,2022,Taiwan,New Taipei City,Asia,Private,1001-1200,,1001–1200,22.4–27.1,20.9,22.5,33.0,73.7,30.7,Medium,24.0,2059.0,791.0,L
Glasgow Caledonian University,2022,United Kingdom,London,Europe,Public,1001-1200,,601–800,32.0–37.9,19.2,13.8,61.0,35.3,66.0,High,21.0,2753.0,723.0,L
Harper Adams University,2022,United Kingdom,Newport,Europe,Public,1001-1200,,Reporter,,,,,,,High,19.0,297.0,155.0,S
Ivan Franko National University of Lviv,2022,Ukraine,Lviv,Europe,Public,1001-1200,,1201+,10.6–22.3,20.6,8.6,7.5,35.3,31.8,High,11.0,298.0,1774.0,L
Jeju National University,2022,South Korea,Jeju City,Asia,Public,1001-1200,,1201+,10.6–22.3,18.6,15.2,19.2,37.1,23.4,High,12.0,579.0,864.0,M
Kangwon National University,2022,South Korea,Chuncheon,Asia,Public,1001-1200,,1201+,10.6–22.3,19.9,18.0,18.5,37.9,22.9,High,14.0,596.0,1582.0,L
Kent State University,2022,United States,Kent,North America,Public,1001-1200,,801–1000,27.2–31.9,23.6,18.3,41.8,35.6,40.2,Very High,19.0,1465.0,1252.0,L
Kookmin University,2022,South Korea,Seoul,Asia,Private,1001-1200,,1201+,10.6–22.3,18.7,11.2,15.4,38.3,32.3,High,12.0,2405.0,1447.0,L
Kuwait University,2022,Kuwait,Kuwait City,Asia,Public,1001-1200,,801–1000,27.2–31.9,19.9,10.0,45.1,36.1,69.1,Medium,22.0,5235.0,1693.0,XL
Leeds Beckett University,2022,United Kingdom,Leeds,Europe,Public,1001-1200,,801–1000,27.2–31.9,17.4,15.8,54.2,35.4,54.0,High,19.0,1247.0,1015.0,L
Makerere University,2022,Uganda,Kampala,Africa,Public,1001-1200,,601–800,32.0–37.9,18.4,22.3,48.0,52.3,57.2,High,24.0,2694.0,1468.0,XL
Marquette University,2022,United States,Milwaukee,North America,Private,1001-1200,,801–1000,27.2–31.9,35.3,16.3,38.3,37.1,27.2,Very High,12.0,367.0,913.0,M
Meiji University,2022,Japan,Tokyo,Asia,Private,1001-1200,,1201+,10.6–22.3,18.8,8.6,7.8,36.6,28.3,High,19.0,1592.0,1693.0,XL
Mississippi State University,2022,United States,Starkville,North America,Public,1001-1200,,1001–1200,22.4–27.1,20.8,18.1,38.8,39.8,29.6,Very High,18.0,730.0,1103.0,L
Mustansiriyah University,2022,Iraq,Baghdad,Asia,Public,1001-1200,,1201+,10.6–22.3,19.6,7.9,18.7,34.9,20.4,Medium,8.0,1505.0,4704.0,XL
Mutah University,2022,Jordan,Mu'tah,Asia,Public,1001-1200,,Reporter,,,,,,,Medium,14.0,1807.0,699.0,M
National Dong Hwa University,2022,Taiwan,Hualien City,Asia,Public,1001-1200,,1001–1200,22.4–27.1,18.4,22.0,26.1,38.3,43.3,Very High,17.0,804.0,563.0,M
National Taiwan Ocean University,2022,Taiwan,Keelung City,Asia,Public,1001-1200,,1201+,10.6–22.3,19.3,22.4,16.8,62.2,31.4,Very High,14.0,551.0,560.0,M
North-West University,2022,South Africa,Potchefstroom,Africa,Public,1001-1200,,501–600,38.1–40.8,22.6,19.1,75.5,39.1,49.0,Very High,20.0,1016.0,1659.0,XL
Northern Arizona University,2022,United States,Flagstaff,North America,Public,1001-1200,,501–600,38.1–40.8,22.0,15.1,86.3,35.4,35.1,High,22.0,1162.0,1158.0,L
Panjab University,2022,India,Chandigarh,Asia,Public,1001-1200,,601–800,32.0–37.9,32.9,14.8,52.6,35.4,16.5,Very High,17.0,43.0,1048.0,L
Portland State University,2022,United States,Portland,North America,Public,1001-1200,,801–1000,27.2–31.9,22.9,20.1,38.5,36.1,30.3,Very High,17.0,1230.0,1091.0,L
Rikkyo University,2022,Japan,Tokyo,Asia,Private,1001-1200,,1001–1200,22.4–27.1,16.9,8.6,44.1,35.5,48.8,High,17.0,1318.0,1236.0,L
Saitama University,2022,Japan,Saitama City,Asia,Public,1001-1200,,1201+,10.6–22.3,20.1,13.6,17.7,37.1,34.6,Very High,14.0,510.0,620.0,M
San Diego State University,2022,United States,San Diego ,North America,Public,1001-1200,,601–800,32.0–37.9,24.4,11.2,69.5,35.4,34.6,Very High,25.0,2092.0,1262.0,XL
Sheffield Hallam University,2022,United Kingdom,Unknown,Europe,Public,1001-1200,,801–1000,27.2–31.9,17.9,13.5,46.8,35.2,54.0,High,16.0,3201.0,1660.0,L
Slovak University of Agriculture in Nitra,2022,Slovakia,Unknown,Europe,Public,1001-1200,,1201+,10.6–22.3,20.5,10.3,15.4,36.3,44.5,Very High,13.0,163.0,430.0,M
Suez Canal University,2022,Egypt,Unknown,Africa,Public,1001-1200,,501–600,38.1–40.8,19.0,8.2,90.4,37.2,46.8,Medium,12.0,493.0,3365.0,XL
Tallinn University,2022,Estonia,Tallinn,Europe,Public,1001-1200,,1001–1200,22.4–27.1,19.8,20.7,21.4,35.3,69.5,Very High,20.0,824.0,314.0,M
Telkom University,2022,Indonesia,Bandung,Asia,Private,1001-1200,,1201+,10.6–22.3,13.8,9.7,31.0,35.3,15.9,High,12.0,458.0,1794.0,L
Tokai University,2022,Japan,Hiratsuka City,Asia,Private,1001-1200,,1201+,10.6–22.3,18.3,11.7,17.9,37.8,25.5,High,14.0,991.0,2079.0,L
Ton Duc Thang University,2022,Vietnam,Ho Chi Minh City,Asia,Private,1001-1200,,401–500,40.9–44.0,14.5,13.4,99.3,38.4,62.6,Very High,18.0,378.0,1512.0,L
Universidade Federal da Bahia,2022,Brazil,Salvador,Latin America,Public,1001-1200,,1201+,10.6–22.3,23.8,14.3,22.7,35.1,23.7,High,16.0,438.0,2629.0,XL
Universidade Federal do Ceará (UFC),2022,Brazil,Fortaleza,Latin America,Public,1001-1200,,1201+,10.6–22.3,22.4,12.1,17.8,36.1,26.4,High,16.0,310.0,2098.0,XL
Universidade do Estado do Rio de Janeiro (UERJ),2022,Brazil,Rio de Janeiro,Latin America,Public,1001-1200,,1201+,10.6–22.3,25.9,11.1,16.3,39.6,22.9,High,13.0,140.0,2558.0,XL
Universiti Malaysia Sarawak (UNIMAS),2022,Malaysia,Kuching,Asia,Public,1001-1200,,1201+,10.6–22.3,23.0,10.6,13.5,35.8,48.7,Medium,15.0,885.0,894.0,L
Universiti Malaysia Terengganu (UMT),2022,Malaysia,Kuala Terengganu,Asia,Public,1001-1200,,1201+,10.6–22.3,18.6,14.3,17.9,35.3,36.3,Very High,13.0,476.0,652.0,M
"University of Agriculture, Faisalabad",2022,Pakistan,Faisalabad,Asia,Public,1001-1200,,801–1000,27.2–31.9,19.1,16.1,44.9,48.9,42.8,Very High,40.0,59.0,701.0,L
University of Belgrade,2022,Serbia,Belgrade,Europe,Public,1001-1200,,801–1000,27.2–31.9,20.1,27.5,40.8,40.9,41.7,Very High,21.0,4610.0,4674.0,XL
University of Bucharest,2022,Romania,Bucharest,Europe,Public,1001-1200,,1201+,10.6–22.3,29.8,17.6,16.1,38.1,30.0,Very High,17.0,718.0,1972.0,XL
University of Calabria,2022,Italy,Rende,Europe,Public,1001-1200,,601–800,32.0–37.9,16.2,17.6,62.3,35.5,38.2,Very High,24.0,796.0,954.0,L
University of Colombo,2022,Sri Lanka,"Colombo,",Asia,Public,1001-1200,,801–1000,27.2–31.9,27.6,9.3,52.3,34.9,37.6,High,27.0,107.0,837.0,L
University of Derby,2022,United Kingdom,Derby,Europe,Public,1001-1200,,601–800,32.0–37.9,17.2,11.7,59.2,35.2,67.3,High,15.0,2764.0,1065.0,L
University of Ghana,2022,Ghana,Legon,Africa,Public,1001-1200,,1001–1200,22.4–27.1,18.2,15.6,30.6,46.8,48.8,High,25.0,606.0,1497.0,XL
University of Karachi,2022,Pakistan,Karachi,Asia,Public,1001-1200,,1201+,10.6–22.3,19.0,13.5,6.8,34.9,37.0,High,41.0,107.0,1063.0,XL
University of Kufa,2022,Iraq,Kufa,Asia,Public,1001-1200,,Reporter,,,,,,,Medium,11.0,43.0,2356.0,L
University of Latvia,2022,Latvia,Riga,Europe,Public,1001-1200,,601–800,32.0–37.9,19.7,27.1,50.3,45.9,53.7,High,21.0,871.0,570.0,L
University of Miskolc,2022,Hungary,Miskolc,Europe,Private,1001-1200,,1201+,10.6–22.3,29.7,9.6,7.5,37.4,30.1,High,12.0,427.0,653.0,M
University of Mumbai,2022,India,Mumbai,Asia,Public,1001-1200,,1001–1200,22.4–27.1,28.3,28.1,12.4,36.6,15.6,Very High,8.0,,,S
University of Nairobi,2022,Kenya,Nairobi,Africa,Public,1001-1200,,501–600,38.1–40.8,14.1,8.0,96.7,34.8,47.1,Medium,12.0,,2492.0,XL
University of North Carolina at Charlotte,2022,United States,Charlotte,North America,Public,1001-1200,,801–1000,27.2–31.9,19.9,10.0,65.2,34.8,33.5,Very High,19.0,1661.0,1303.0,L
University of Novi Sad,2022,Serbia,Novi Sad,Europe,Public,1001-1200,,1201+,10.6–22.3,17.0,11.4,16.5,42.0,34.1,High,16.0,,2743.0,XL
University of Peradeniya,2022,Sri Lanka,Peradeniya,Asia,Public,1001-1200,,401–500,40.9–44.0,17.4,8.4,100.0,35.6,41.3,High,12.0,129.0,1457.0,L
University of Rhode Island,2022,United States,Kingston,North America,Public,1001-1200,,601–800,32.0–37.9,23.3,17.4,66.2,34.9,43.0,High,17.0,417.0,910.0,L
University of Rijeka,2022,Croatia,Unknown,Europe,Public,1001-1200,,1201+,10.6–22.3,16.7,13.6,15.8,35.0,29.9,High,14.0,132.0,923.0,L
University of Wolverhampton,2022,United Kingdom,Telford,Europe,Public,1001-1200,,1001–1200,22.4–27.1,17.4,13.5,36.7,35.0,67.9,High,16.0,3073.0,877.0,L
University of the Sunshine Coast,2022,Australia,Sunshine Coast,Oceania,Public,1001-1200,,601–800,32.0–37.9,22.2,27.1,48.3,43.2,71.9,High,32.0,3089.0,540.0,L
University of the Western Cape,2022,South Africa,Cape Town,Africa,Public,1001-1200,,601–800,32.0–37.9,20.6,24.1,63.0,34.8,62.8,High,24.0,1067.0,785.0,L
Western Michigan University,2022,United States,Kalamazoo,North America,Public,1001-1200,,1201+,10.6–22.3,20.7,14.8,22.0,35.3,36.3,High,16.0,1664.0,1144.0,L
Yuan Ze University,2022,Taiwan,Unknown,Asia,Private,1001-1200,,1201+,10.6–22.3,20.1,13.7,19.9,47.2,33.1,Very High,20.0,543.0,406.0,M
Al-Balqa Applied University,2022,Jordan,As-Salt,Asia,Public,1201,,801–1000,27.2–31.9,13.3,11.4,58.2,44.2,48.1,Medium,22.0,1647.0,1380.0,L
Alexandru Ioan Cuza University,2022,Romania,Iași,Europe,Public,1201,,1201+,10.6–22.3,17.9,12.2,11.8,34.8,34.5,Very High,22.0,1754.0,1077.0,L
Aoyama Gakuin University,2022,Japan,Tokyo,Asia,Private,1201,,1201+,10.6–22.3,17.5,8.7,14.9,35.4,30.4,High,20.0,630.0,949.0,L
Bahauddin Zakariya University,2022,Pakistan,Multan,Asia,Public,1201,,1201+,10.6–22.3,14.8,11.2,34.5,35.0,40.2,High,38.0,10.0,820.0,XL
Cukurova University,2022,Turkey,Adana,Asia,Public,1201,,1201+,10.6–22.3,17.8,9.7,17.8,38.5,21.4,Medium,26.0,2067.0,1562.0,XL
German University in Cairo,2022,Egypt,Cairo,Africa,Private,1201,,1201+,10.6–22.3,16.0,8.9,31.0,34.8,44.2,Medium,17.0,49.0,743.0,L
Hanoi University of Science and Technology,2022,Vietnam,Hanoi,Asia,Public,1201,,1201+,10.6–22.3,14.5,9.8,20.4,43.3,42.4,Very High,30.0,146.0,1119.0,XL
Lucian Blaga University of Sibiu,2022,Romania,Sibiu,Europe,Public,1201,,1201+,10.6–22.3,17.3,12.4,12.3,35.3,18.4,Medium,17.0,302.0,795.0,L
Mansoura University,2022,Egypt,Mansoura ,Africa,Public,1201,,501–600,38.1–40.8,18.5,11.0,88.5,38.8,47.0,High,24.0,5042.0,7556.0,XL
Marmara University,2022,Turkey,Istanbul,Asia,Public,1201,,1201+,10.6–22.3,17.2,9.6,22.3,36.6,25.0,Very High,21.0,2816.0,3317.0,XL
National Taipei University,2022,Taiwan,Unknown,Asia,Public,1201,,1201+,10.6–22.3,18.8,12.8,24.9,36.1,28.0,High,17.0,424.0,462.0,M
Pontifícia Universidade Católica do Paraná,2022,Brazil,Curitiba,Latin America,Private,1201,,1001–1200,22.4–27.1,20.5,12.4,37.4,38.0,27.2,High,14.0,141.0,758.0,M
Sakarya University,2022,Turkey,Adapazari,Asia,Public,1201,,1201+,10.6–22.3,16.0,9.8,30.4,40.7,22.2,Medium,31.0,4169.0,1580.0,XL
Shibaura Institute of Technology,2022,Japan,Koto City,Asia,Private,1201,,1201+,10.6–22.3,17.9,15.9,11.4,41.4,36.0,Very High,31.0,943.0,308.0,M
Suranaree University of Technology,2022,Thailand,Nakhon Ratchasima ,Asia,Public,1201,,1201+,10.6–22.3,20.9,14.9,21.3,57.3,31.2,High,27.0,167.0,518.0,L
Tamkang University,2022,Taiwan,New Taipei City,Asia,Private,1201,,1201+,10.6–22.3,16.6,12.4,17.5,35.7,35.6,Very High,26.0,1883.0,888.0,L
Tanta University,2022,Egypt,Tanta,Africa,Public,1201,,1001–1200,22.4–27.1,14.8,8.1,51.6,34.8,41.1,Very High,24.0,2310.0,5622.0,XL
Technical University of Cluj-Napoca,2022,Romania,Unknown,Europe,Public,1201,,1201+,10.6–22.3,15.8,11.0,21.6,37.3,23.2,Very High,18.0,471.0,1032.0,L
Tunghai University,2022,Taiwan,Taichung City,Asia,Private,1201,,1201+,10.6–22.3,16.2,12.1,15.9,38.8,44.0,High,20.0,1577.0,748.0,L
Universidad Autónoma de Chile,2022,Chile,Unknown,Latin America,Private,1201,,501–600,38.1–40.8,13.4,9.8,96.7,34.8,51.7,High,17.0,149.0,1570.0,L
Universidad Nacional del Litoral,2022,Argentina,Santa Fe,Latin America,Public,1201,,1201+,10.6–22.3,13.5,8.9,15.8,36.7,27.8,High,33.0,121.0,1382.0,XL
Universidad San Ignacio de Loyola,2022,Peru,La Molina,Latin America,Private,1201,,Reporter,,,,,,,Medium,35.0,221.0,600.0,L
Universidad Tecnológica de Bolívar,2022,Colombia,Cartagena,Latin America,Private,1201,,Reporter,,,,,,,Medium,26.0,35.0,234.0,M
Universitas Sebelas Maret,2022,Indonesia,Surakarta,Asia,Public,1201,,1201+,10.6–22.3,18.2,13.5,24.4,38.3,25.0,High,16.0,231.0,1829.0,L
Universitas Sumatera Utara,2022,Indonesia,Medan,Asia,Public,1201,,Reporter,,,,,,,Medium,14.0,774.0,2720.0,XL
University of Babylon,2022,Iraq,Hillah,Asia,Public,1201,,Reporter,,,,,,,Medium,13.0,24.0,2079.0,L
University of Basrah,2022,Iraq,Basrah,Asia,Public,1201,,1201+,10.6–22.3,16.6,7.7,14.5,34.8,31.2,Medium,13.0,,2919.0,XL
University of Kragujevac,2022,Serbia,Kragujevac,Europe,Public,1201,,401–500,40.9–44.0,18.2,9.4,97.9,35.6,33.9,Very High,17.0,25.0,908.0,L
University of Split,2022,Croatia,Split,Europe,Public,1201,,1001–1200,22.4–27.1,16.9,13.1,46.4,35.8,38.0,High,16.0,373.0,1005.0,L
Yarmouk University,2022,Jordan,Irbid,Asia,Public,1201,,1201+,10.6–22.3,25.4,10.4,19.7,36.0,47.6,Medium,31.0,2826.0,1113.0,XL
Yildiz Technical University,2022,Turkey,Istanbul,Asia,Public,1201,,1001–1200,22.4–27.1,19.7,20.4,23.7,94.0,23.1,High,20.0,2394.0,1688.0,XL
Zagazig University,2022,Egypt,Zagazig,Africa,Public,1201,,801–1000,27.2–31.9,14.2,8.2,60.7,34.8,42.1,High,26.0,2300.0,5871.0,XL
