Rank,Previous_Rank,Name,Country/Territory,Region,Size,Focus,Research,Status,Academic_Reputation_SCORE,Academic_Reputation_RANK,Employer_Reputation_SCORE,Employer_Reputation_RANK,Faculty_Student_Ratio_SCORE,Faculty_Student_Ratio_RANK,Citations_per_Faculty_SCORE,Citations_per_Faculty_RANK,International_Faculty_SCORE,International_Faculty_RANK,International_Student_SCORE,International_student_RANK,International_Students_Diversity_SCORE,International_Students_Diversity_RANK,International_Research_Network_SCORE,International_Research_Network_RANK,Employment_Outcomes_SCORE,Employment_Outcomes_RANK,Sustainability_SCORE,Sustainability_RANK,Overall_SCORE,the_rank_2026,arwu_rank_2025,the_score,arwu_score,the_teaching,the_research_env,the_research_quality,the_industry,the_intl_outlook,founded,Total_Students,International_Students_Percentage,nobel_laureates,fields_medalists,ranked_in_all_3,avg_rank_all3,university_age_2026,data_sources,university_type,university_age,Overall_Score_Normalized,Performance_Category,Rank_Category,the_score_Normalized,arwu_score_Normalized
1,1,Massachusetts Institute of Technology (MIT),United States of America,Americas,M,CO,VH,Private not for Profit,100,4,100,2,100,16,100,7,100,63,91.6,153,92.3,130,94.1,98,100,7,93.8,33,100,2,3,96.4,100,91.5,99.8,97.2,80.2,74.2,1861,11858,34,100,1,1,2,165,QS Jun-2025 | THE Oct-2025 | ARWU Aug-2025,Private,165,1,Excellent,Top 10,0.988142292,1
2,2,Imperial College London,United Kingdom,Europe,L,FO,VH,Public,99.6,22,100,9,99.3,42,95,69,100,74,100,35,100,22,97.5,28,95.9,68,98.3,7,99.4,8,18,86.1,65.1,83.4,92.1,87.4,80.4,55.2,1907,19000,61,15,0,0,5,119,QS Jun-2025 | THE Oct-2025 | ARWU Aug-2025,Public,119,0.986455982,Excellent,Top 10,0.78458498,0.475975976
3,6,Stanford University,United States of America,Americas,L,FC,VH,Private not for Profit,100,5,100,3,100,17,99.7,24,94.2,188,73.5,261,76.1,230,96.5,49,100,2,95.4,19,98.9,5,2,95.5,76.5,95.2,99.6,99.4,77.6,88.4,1885,17249,24,85,22,1,3.3,141,QS Jun-2025 | THE Oct-2025 | ARWU Aug-2025,Private,141,0.9751693,Excellent,Top 10,0.970355731,0.647147147
4,3,University of Oxford,United Kingdom,Europe,L,FC,VH,Public,100,2,100,4,100,9,91,98,98.8,132,98.6,80,98.7,67,100,1,100,3,77.9,198,97.9,1,6,97,72.4,97.8,98.4,95.8,78.8,66.4,1096,24000,41,72,0,1,3.7,930,QS Jun-2025 | THE Oct-2025 | ARWU Aug-2025,Public,930,0.952595937,Excellent,Top 10,1,0.585585586
5,4,Harvard University,United States of America,Americas,L,FC,VH,Private not for Profit,100,1,100,1,98.3,50,100,1,79.1,300,81.4,217,60.6,335,99.4,8,100,1,77.8,201,97.7,5,1,95.5,100,95.4,99.2,97.4,79.2,77.4,1636,21000,25,162,4,1,3.7,390,QS Jun-2025 | THE Oct-2025 | ARWU Aug-2025,Private,390,0.948081264,Excellent,Top 10,0.970355731,1
6,5,University of Cambridge,United Kingdom,Europe,L,FC,VH,Public,100,3,100,5,100,23,88.6,107,100,80,93.1,144,93.6,120,99.2,12,100,5,78.4,194,97.2,3,4,96.2,83.2,96.4,98.8,96.2,78.4,68.4,1209,24500,38,121,1,1,4.3,817,QS Jun-2025 | THE Oct-2025 | ARWU Aug-2025,Public,817,0.936794582,Excellent,Top 10,0.984189723,0.747747748
7,7,ETH Zurich (Swiss Federal Institute of Technology),Switzerland,Europe,L,FO,VH,Public,99.7,18,96.3,42,71.7,214,98.8,40,100,28,99.3,58,73.9,241,95.8,64,95,76,99.6,2,96.7,7,22,87.4,55.8,85.4,88.4,85.2,77.4,99.8,1855,24500,41,32,1,1,12,171,QS Jun-2025 | THE Oct-2025 | ARWU Aug-2025,Public,171,0.925507901,Excellent,Top 10,0.81027668,0.336336336
8,8,National University of Singapore (NUS),Singapore,Asia,XL,FC,VH,Public,99.9,14,98.2,32,71.5,216,95.9,64,100,37,96.9,101,72.1,253,92.4,140,100,9,90,63,95.9,17,18,84.6,65.1,80.8,85.4,80.2,72.4,100,1905,40000,36,3,0,0,12.5,121,QS Jun-2025 | THE Oct-2025 | ARWU Aug-2025,Public,121,0.90744921,Excellent,Top 10,0.754940711,0.475975976
9,9,UCL (University College London),United Kingdom,Europe,XL,FC,VH,Public,99.9,15,99.4,18,94.8,77,80.9,151,99.6,108,100,27,100,17,99.9,2,89.3,111,98.5,5,95.8,9,18,86,65.1,85.4,88.8,80.4,76.8,72.4,1826,39000,56,14,0,0,9,200,QS Jun-2025 | THE Oct-2025 | ARWU Aug-2025,Public,200,0.905191874,Excellent,Top 10,0.782608696,0.475975976
10,10,California Institute of Technology (Caltech),United States of America,Americas,S,FO,VH,Private not for Profit,98.3,33,99.2,23,100,5,100,3,100,65,90.7,161,91.4,136,61.8,665,49.1,352,79.2,185,94.3,7,9,87.4,65.8,85.4,99.2,97.4,72.4,60,1891,2240,32,46,6,1,8.7,135,QS Jun-2025 | THE Oct-2025 | ARWU Aug-2025,Private,135,0.871331828,Excellent,Top 10,0.81027668,0.486486486
11,17,The University of Hong Kong,"Hong Kong SAR, China",Asia,L,FC,VH,Public,99.3,27,82.5,97,85.3,131,96.6,60,100,31,100,38,100,24,82.3,305,99.8,15,84.8,112,94.2,35,18,76.8,65.1,72.4,72.8,65.4,68.4,92.2,1911,30000,34,0,0,0,23,115,QS Jun-2025 | THE Oct-2025 | ARWU Aug-2025,Public,115,0.869074492,Excellent,Top 50,0.600790514,0.475975976
12,15,"Nanyang Technological University, Singapore (NTU Singapore)",Singapore,Asia,L,FC,VH,Public,97.1,42,91.4,67,83.9,148,94.6,76,100,43,93.1,145,93.6,121,86.9,217,87.7,121,87.2,88,93.7,46,18,71.2,65.1,66.4,64.2,60.8,62.4,96.8,1991,33000,34,0,0,0,29,35,QS Jun-2025 | THE Oct-2025 | ARWU Aug-2025,Public,35,0.85778781,Excellent,Top 50,0.490118577,0.475975976
13,21,University of Chicago,United States of America,Americas,L,FC,VH,Private not for Profit,99.8,17,99.3,21,97.3,62,78.1,164,86.1,254,92.8,148,69.1,275,87.7,207,99.8,16,73.3,269,93,15,10,83.8,64.2,82.4,97.2,95.8,72.8,60.2,1890,17002,30,100,1,1,12.7,136,QS Jun-2025 | THE Oct-2025 | ARWU Aug-2025,Private,136,0.841986456,Excellent,Top 50,0.739130435,0.462462462
14,14,Peking University,China (Mainland),Asia,XL,FC,VH,Public,99.9,12,99.6,17,96.2,66,99.2,35,59.9,391,37.3,523,27.9,640,83.2,290,97,58,70.6,308,92.6,13,18,85.2,65.1,84.4,90.4,86.4,76.4,62.4,1898,47000,12,6,0,0,13.5,128,QS Jun-2025 | THE Oct-2025 | ARWU Aug-2025,Public,128,0.832957111,Excellent,Top 50,0.766798419,0.475975976
15,11,University of Pennsylvania,United States of America,Americas,L,FC,VH,Private not for Profit,98.9,30,98.7,28,99.9,29,72,199,96.9,151,76.3,249,78.6,221,89.4,182,100,4,95,24,92.5,14,18,84.2,65.1,82.2,92.4,88.4,72.4,60.4,1740,22000,21,8,0,0,13,286,QS Jun-2025 | THE Oct-2025 | ARWU Aug-2025,Private,286,0.830699774,Excellent,Top 50,0.747035573,0.475975976
16,16,Cornell University,United States of America,Americas,L,FC,VH,Private not for Profit,99.5,25,98.8,27,64.3,276,98,48,57.6,401,75.7,251,56.4,363,93,126,99.3,24,76.8,218,91.6,18,18,83.2,65.1,80.8,88.4,86.4,70.4,60.8,1865,24000,27,45,0,0,15.5,161,QS Jun-2025 | THE Oct-2025 | ARWU Aug-2025,Private,161,0.810383747,Excellent,Top 50,0.727272727,0.475975976
17,20,Tsinghua University,China (Mainland),Asia,XL,FC,VH,Public,99.9,16,99.7,15,97.1,63,99.6,26,39.5,502,31.9,570,23.9,707,80.4,347,97,60,68.7,339,91.2,12,18,86.2,65.1,85.4,89.4,84.4,78.4,62.8,1911,53000,10,8,0,0,16,115,QS Jun-2025 | THE Oct-2025 | ARWU Aug-2025,Public,115,0.801354402,Excellent,Top 50,0.786561265,0.475975976
17,12,"University of California, Berkeley (UCB)",United States of America,Americas,XL,FC,VH,Public,100,6,100,6,29.4,643,97.2,53,95.6,172,70.6,273,52.6,392,96.7,47,99.8,17,98.8,3,91.2,9,5,86,75.2,83.4,97.2,97.4,72.4,72.4,1868,43000,14,107,0,1,14,158,QS Jun-2025 | THE Oct-2025 | ARWU Aug-2025,Public,158,0.801354402,Excellent,Top 50,0.782608696,0.627627628
19,13,The University of Melbourne,Australia,Oceania,XL,FC,VH,Public,99.7,21,97.4,35,20.5,801,94.8,72,96.7,156,100,37,74.4,239,96.9,40,98.3,39,98.2,9,90.8,16,33,83.4,48.8,80.8,84.2,79.4,70.4,68.8,1853,52000,44,8,0,1,22.7,173,QS Jun-2025 | THE Oct-2025 | ARWU Aug-2025,Public,173,0.792325056,Excellent,Top 50,0.731225296,0.231231231
20,19,The University of New South Wales,Australia,Oceania,XL,FC,VH,Public,96.3,43,93.5,59,29.9,632,96.9,58,100,69,99.9,41,99.9,30,97.6,25,98.7,32,97,12,90.7,67,18,67.4,65.1,61.4,59.8,54.4,55.4,71.8,1949,65000,46,4,0,0,43,77,QS Jun-2025 | THE Oct-2025 | ARWU Aug-2025,Public,77,0.79006772,Excellent,Top 50,0.415019763,0.475975976
21,23,Yale University,United States of America,Americas,L,FC,VH,Private not for Profit,100,9,100,7,100,12,64.8,250,86.7,247,72.7,262,75.4,232,92.9,131,99.8,18,82.4,144,90.4,9,14,86,60.8,83.4,95.8,96.2,74.4,64.2,1701,14500,21,65,1,1,13,325,QS Jun-2025 | THE Oct-2025 | ARWU Aug-2025,Private,325,0.783295711,Excellent,Top 50,0.782608696,0.411411411
22,26,École Polytechnique Fédérale de Lausanne,Switzerland,Europe,M,FO,VH,Public,92.7,55,88,79,90,103,93.1,87,100,12,100,17,100,11,83.6,281,47.3,371,85.3,107,90.2,43,18,78,65.1,74.7,78.3,74.9,66.7,69.9,1828,35279,31,28,1,0,38.1,198,QS Jun-2025 only (not in THE/ARWU combined file),Public,198,0.778781038,Excellent,Top 50,0.624505929,0.475975976
22,28,Technical University of Munich,Germany,Europe,XL,FO,VH,Public,92,60,99.7,16,70.5,223,92.6,90,86.3,252,98.9,72,98.9,63,95.9,63,57.3,293,87.8,83,90.2,34,45,76.4,44.8,72.4,72.8,66.4,68.4,77.8,1868,50000,29,4,0,1,38.7,158,QS Jun-2025 | THE Oct-2025 | ARWU Aug-2025,Public,158,0.778781038,Excellent,Top 50,0.592885375,0.171171171
24,32,Johns Hopkins University,United States of America,Americas,L,FC,VH,Private not for Profit,93.2,51,79.2,108,100,14,85.8,118,70.8,333,94.2,137,94.6,113,97.4,29,84.1,141,93,35,89.7,21,18,80.8,65.1,80.4,88.4,87.8,72.4,65.8,1876,26000,28,38,0,0,22.5,150,QS Jun-2025 | THE Oct-2025 | ARWU Aug-2025,Private,150,0.767494357,Excellent,Top 50,0.679841897,0.475975976
25,22,Princeton University,United States of America,Americas,M,CO,VH,Private not for Profit,100,10,99.8,13,67.3,253,100,5,12.7,801,70,280,52.2,397,82.6,300,98.9,28,76,222,89.4,3,7,96.2,70.8,92.4,99.2,97.8,74.8,64.4,1746,8374,25,64,1,1,8.3,280,QS Jun-2025 | THE Oct-2025 | ARWU Aug-2025,Private,280,0.760722348,Excellent,Top 50,0.984189723,0.561561562
25,18,The University of Sydney,Australia,Oceania,XL,FC,VH,Public,98.9,29,94.2,53,15.7,801,94.3,78,99.9,101,100,18,100,12,95.5,71,95.8,70,97.6,11,89.4,43,18,71.6,65.1,68.4,67.8,61.4,63.4,70.8,1850,73000,45,5,0,0,34,176,QS Jun-2025 | THE Oct-2025 | ARWU Aug-2025,Public,176,0.760722348,Excellent,Top 50,0.498023715,0.475975976
27,29,McGill University,Canada,Americas,L,FC,VH,Public,98.1,35,93.5,58,67.3,250,72.4,194,88.6,232,93.5,138,69.6,272,92.9,130,98.9,27,96.3,15,88.9,44,18,71.4,65.1,68.4,67.4,62.4,62.4,71.8,1821,40000,27,14,0,0,38,205,QS Jun-2025 | THE Oct-2025 | ARWU Aug-2025,Public,205,0.749435666,Excellent,Top 50,0.494071146,0.475975976
28,24,PSL University,France,Europe,L,CO,VH,Public,82.6,86,98.5,31,98.6,48,85.1,123,69.6,336,75.5,252,77.9,222,99.7,3,97.5,51,87.8,83,88.6,43,18,78,65.1,74.7,78.3,74.9,66.7,69.9,1828,35279,31,28,1,0,38.1,198,QS Jun-2025 only (not in THE/ARWU combined file),Public,198,0.742663657,Excellent,Top 50,0.624505929,0.475975976
29,25,University of Toronto,Canada,Americas,XL,FC,VH,Public,100,11,99.1,25,45.7,428,68.8,224,97.9,143,97.9,91,98,78,97,37,99.4,22,100,1,88.5,22,24,80.4,53.8,79.4,87.8,85.4,70.4,74.4,1827,97000,27,10,0,1,25,199,QS Jun-2025 | THE Oct-2025 | ARWU Aug-2025,Public,199,0.740406321,Excellent,Top 50,0.671936759,0.306306306
30,39,Fudan University,China (Mainland),Asia,XL,FC,VH,Public,93.7,50,95.1,49,84.8,137,92.8,89,88.5,234,46.4,433,51.4,402,75.5,431,73.3,193,83.1,134,88.4,44,18,71.4,65.1,68.4,68.8,63.4,65.4,61.8,1905,45000,10,0,0,0,37,121,QS Jun-2025 | THE Oct-2025 | ARWU Aug-2025,Public,121,0.738148984,Excellent,Top 50,0.494071146,0.475975976
31,40,King's College London (KCL),United Kingdom,Europe,XL,FC,VH,Public,96.2,44,91.8,65,74.4,202,70.2,215,99.5,115,99,70,99,61,98.4,19,76.4,174,96.5,14,88.3,44,18,71.4,65.1,67.8,66.4,61.4,63.4,73.8,1829,33000,50,12,0,0,37.5,197,QS Jun-2025 | THE Oct-2025 | ARWU Aug-2025,Public,197,0.735891648,Excellent,Top 50,0.494071146,0.475975976
32,30,Australian National University,Australia,Oceania,L,FC,VH,Public,97.9,37,82.6,96,40.9,495,91.7,93,100,49,99,68,99.1,59,93.1,123,67.1,232,91.8,48,87.4,78,18,66.4,65.1,59.4,57.8,52.4,54.4,72.4,1946,24000,40,6,0,0,54,80,QS Jun-2025 | THE Oct-2025 | ARWU Aug-2025,Public,80,0.715575621,Excellent,Top 50,0.395256917,0.475975976
32,36,The Chinese University of Hong Kong,"Hong Kong SAR, China",Asia,L,FC,VH,Public,94.2,48,67.3,157,75.9,191,95,71,100,50,93.3,143,90.3,147,68.2,563,91.2,94,84.1,123,87.4,47,18,70.8,65.1,66.4,65.2,59.4,60.4,90.4,1963,20000,38,0,0,0,41.5,63,QS Jun-2025 | THE Oct-2025 | ARWU Aug-2025,Public,63,0.715575621,Excellent,Top 50,0.482213439,0.475975976
34,27,University of Edinburgh,United Kingdom,Europe,XL,FC,VH,Public,99.6,24,98.2,33,77.3,179,54.3,338,99.7,105,99.9,42,99.9,31,99.5,5,69.7,213,98.3,7,87.2,30,18,78.4,65.1,72.4,74.2,66.4,62.4,74.8,1583,38000,44,20,0,0,28.5,443,QS Jun-2025 | THE Oct-2025 | ARWU Aug-2025,Public,443,0.711060948,Excellent,Top 50,0.632411067,0.475975976
35,34,The University of Manchester,United Kingdom,Europe,XL,FC,VH,Public,98.6,31,98.8,26,58.2,310,56.8,308,95.3,176,99.5,56,99.5,45,99.4,7,91.9,90,98.2,9,86.4,63,18,68.4,65.1,61.4,60.8,55.4,56.4,72.8,1824,40000,44,25,0,0,49,202,QS Jun-2025 | THE Oct-2025 | ARWU Aug-2025,Public,202,0.693002257,Excellent,Top 50,0.434782609,0.475975976
36,37,Monash University,Australia,Oceania,XL,FC,VH,Public,95.7,45,87.5,81,11.3,801,93,88,100,61,100,24,100,15,94.7,87,86.7,128,91.7,49,85.8,88,18,64.2,65.1,57.4,55.8,50.4,52.4,71.4,1958,86000,50,0,0,0,62.5,68,QS Jun-2025 | THE Oct-2025 | ARWU Aug-2025,Public,68,0.679458239,Excellent,Top 50,0.351778656,0.475975976
36,32,The University of Tokyo,Japan,Asia,L,FC,VH,Public,100,7,99.9,10,92.4,94,69.9,217,15.9,777,44,457,49.2,422,88.8,193,100,10,92.3,44,85.8,26,18,79.8,65.1,79.4,83.8,82.4,72.4,60.4,1877,28000,12,11,3,0,27,149,QS Jun-2025 | THE Oct-2025 | ARWU Aug-2025,Public,149,0.679458239,Excellent,Top 50,0.660079051,0.475975976
38,34,Columbia University,United States of America,Americas,XL,FC,VH,Private not for Profit,99.9,13,99.9,11,100,19,44.5,418,48.5,445,98.1,88,72.9,250,98.4,18,100,8,77.9,198,85.6,20,8,81.8,66.8,78.4,90.4,90.2,72.4,72.4,1754,31000,47,101,0,1,14,272,QS Jun-2025 | THE Oct-2025 | ARWU Aug-2025,Private,272,0.674943567,Excellent,Top 50,0.699604743,0.501501502
38,31,Seoul National University,Republic of Korea,Asia,L,FC,VH,Public,99.7,20,99.1,24,85.6,130,81.2,150,13.2,801,27.5,622,33.5,571,77.6,391,100,6,90.8,57,85.6,62,18,68.6,65.1,62.4,61.8,56.4,59.4,60.8,1946,28000,4,0,0,0,46.5,80,QS Jun-2025 | THE Oct-2025 | ARWU Aug-2025,Public,80,0.674943567,Excellent,Top 50,0.438735178,0.475975976
40,38,University of British Columbia,Canada,Americas,XL,FC,VH,Public,99.6,23,96.5,41,34.7,568,70.9,210,98.5,135,79.8,222,81.7,191,96.6,48,84.9,135,98.5,5,85.5,41,18,73.4,65.1,70.4,70.8,64.4,66.4,73.8,1908,68000,30,7,0,0,41.5,118,QS Jun-2025 | THE Oct-2025 | ARWU Aug-2025,Public,118,0.67268623,Excellent,Top 50,0.533596838,0.475975976
41,46,Institut Polytechnique de Paris,France,Europe,M,CO,VH,Public,58.1,185,99.8,14,94.8,76,97.3,52,99.9,99,99.2,61,99.2,50,93,125,99.1,25,77.9,198,85.4,43,18,78,65.1,74.7,78.3,74.9,66.7,69.9,1828,35279,31,28,1,0,38.1,198,QS Jun-2025 only (not in THE/ARWU combined file),Public,198,0.670428894,Excellent,Top 50,0.624505929,0.475975976
42,50,Northwestern University,United States of America,Americas,L,FC,VH,Private not for Profit,92.2,59,89.4,74,99.1,44,71.2,205,57.7,399,67.2,295,50,414,86.5,229,99.5,20,74.4,250,85.1,43,18,78,65.1,74.7,78.3,74.9,66.7,69.9,1828,35279,31,28,1,0,38.1,198,QS Jun-2025 only (not in THE/ARWU combined file),Public,198,0.663656885,Excellent,Top 50,0.624505929,0.475975976
42,40,The University of Queensland,Australia,Oceania,XL,FC,VH,Public,94.3,46,79.5,105,26.5,705,94.2,79,100,60,100,28,100,18,97,36,66.6,233,92.5,41,85.1,43,18,78,65.1,74.7,78.3,74.9,66.7,69.9,1828,35279,31,28,1,0,38.1,198,QS Jun-2025 only (not in THE/ARWU combined file),Public,198,0.663656885,Excellent,Top 50,0.624505929,0.475975976
44,47,The Hong Kong University of Science and Technology,"Hong Kong SAR, China",Asia,M,FO,VH,Public,89.4,69,69.7,149,67.5,247,100,12,100,23,99.3,59,99,60,49.5,801,76.6,173,79.7,175,84.8,43,18,78,65.1,74.7,78.3,74.9,66.7,69.9,1828,35279,31,28,1,0,38.1,198,QS Jun-2025 only (not in THE/ARWU combined file),Public,198,0.656884876,Excellent,Top 50,0.624505929,0.475975976
45,44,University of Michigan-Ann Arbor,United States of America,Americas,XL,FC,VH,Public,99.3,26,98.5,30,85.7,127,54.5,334,73.9,320,56.1,372,60.3,339,96,59,99.1,26,77.2,210,84.7,22,21,80.4,56.4,78.8,86.8,87.2,68.4,64.4,1817,47000,17,26,1,1,22,209,QS Jun-2025 | THE Oct-2025 | ARWU Aug-2025,Public,209,0.65462754,Excellent,Top 50,0.671936759,0.345345345
46,42,"University of California, Los Angeles (UCLA)",United States of America,Americas,XL,FC,VH,Public,100,8,100,8,43.6,456,84.3,127,50.8,437,31.8,571,37.7,521,93.5,117,98,46,78,195,84.4,22,18,80.4,65.1,79.4,84.8,85.4,68.4,62.8,1919,46000,14,17,0,0,31,107,QS Jun-2025 | THE Oct-2025 | ARWU Aug-2025,Public,107,0.64785553,Excellent,Top 50,0.671936759,0.475975976
47,49,Delft University of Technology,Netherlands,Europe,L,CO,VH,Public,86.2,76,90.4,71,49.1,392,84.6,126,100,68,94.8,128,95.1,109,93.8,102,66,235,96.3,15,84.3,51,18,70.4,65.1,66.4,65.2,60.4,62.4,84.4,1842,26000,38,0,0,0,49,184,QS Jun-2025 | THE Oct-2025 | ARWU Aug-2025,Public,184,0.645598194,Excellent,Top 50,0.4743083,0.475975976
47,45,Shanghai Jiao Tong University,China (Mainland),Asia,XL,FC,VH,Public,92.7,56,93.8,56,64.5,275,100,13,40.9,490,19.1,741,14.4,801,77.7,389,88.2,119,82.5,141,84.3,43,18,78,65.1,74.7,78.3,74.9,66.7,69.9,1828,35279,31,28,1,0,38.1,198,QS Jun-2025 only (not in THE/ARWU combined file),Public,198,0.645598194,Excellent,Top 50,0.624505929,0.475975976
49,47,Zhejiang University,China (Mainland),Asia,XL,FC,VH,Public,87,75,97.2,36,53,355,100,11,94.1,189,23.5,683,17.7,801,94,100,74.4,185,63,441,84,43,18,78,65.1,74.7,78.3,74.9,66.7,69.9,1828,35279,31,28,1,0,38.1,198,QS Jun-2025 only (not in THE/ARWU combined file),Public,198,0.638826185,Excellent,Top 50,0.624505929,0.475975976
50,56,Yonsei University,Republic of Korea,Asia,L,FC,VH,Private not for Profit,91.6,64,97.8,34,84.3,142,67.9,231,30.5,582,74.3,258,76.7,227,78,382,94.4,78,87.7,86,82.9,43,18,78,65.1,74.7,78.3,74.9,66.7,69.9,1828,35279,31,28,1,0,38.1,198,QS Jun-2025 only (not in THE/ARWU combined file),Public,198,0.613995485,Excellent,Top 50,0.624505929,0.475975976
51,54,University of Bristol,United Kingdom,Europe,XL,FC,VH,Public,87.3,73,89.4,75,36.7,546,83.2,135,90.7,219,95.7,118,96,100,95.3,74,63.1,248,97,12,82.5,43,18,78,65.1,74.7,78.3,74.9,66.7,69.9,1828,35279,31,28,1,0,38.1,198,QS Jun-2025 only (not in THE/ARWU combined file),Public,198,0.60496614,Excellent,Top 100,0.624505929,0.475975976
52,58,Carnegie Mellon University,United States of America,Americas,L,FC,VH,Private not for Profit,80.1,98,94.4,52,51.1,370,98.6,43,52.4,426,98.7,77,73.4,245,79.2,364,79.9,161,66.2,375,82.3,27,18,79.4,65.1,80.4,82.4,86.8,67.4,62.4,1900,15818,50,21,1,0,46,126,QS Jun-2025 | THE Oct-2025 | ARWU Aug-2025,Private,126,0.600451467,Excellent,Top 100,0.652173913,0.475975976
53,55,The University of Amsterdam,Netherlands,Europe,XL,FC,VH,Public,92.5,57,72.6,135,27.5,688,87.2,113,98.8,133,95.8,117,71.3,259,95.1,82,90.3,104,64,422,81.5,61,18,68.8,65.1,64.4,63.8,58.4,60.4,84.4,1632,39000,31,16,0,0,58,394,QS Jun-2025 | THE Oct-2025 | ARWU Aug-2025,Public,394,0.582392777,Excellent,Top 100,0.442687747,0.475975976
54,57,The Hong Kong Polytechnic University,"Hong Kong SAR, China",Asia,L,CO,VH,Public,81.2,93,47.5,275,77.1,182,98.7,41,100,34,98.8,76,97.9,81,82.8,296,74.1,187,80.8,160,81.2,43,18,78,65.1,74.7,78.3,74.9,66.7,69.9,1828,35279,31,28,1,0,38.1,198,QS Jun-2025 only (not in THE/ARWU combined file),Public,198,0.575620767,Excellent,Top 100,0.624505929,0.475975976
55,43,New York University (NYU),United States of America,Americas,XL,FC,VH,Private not for Profit,98.6,32,99.9,12,89,109,31.7,568,33.1,553,99.7,52,99.7,42,93.5,115,99.5,19,91.3,52,81.1,27,18,79.4,65.1,78.4,82.4,84.4,68.4,78.4,1831,27000,47,12,0,0,32.5,195,QS Jun-2025 | THE Oct-2025 | ARWU Aug-2025,Private,195,0.573363431,Excellent,Top 100,0.652173913,0.475975976
56,50,London School of Economics and Political Science (LSE),United Kingdom,Europe,L,FO,VH,Public,80.6,96,99.4,20,47.2,417,64,256,100,41,100,14,100,9,76.4,417,99.9,14,92.7,39,80.5,52,18,70.2,65.1,67.4,61.8,55.4,57.4,75.8,1895,12000,72,18,0,0,54,131,QS Jun-2025 | THE Oct-2025 | ARWU Aug-2025,Public,131,0.559819413,Excellent,Top 100,0.470355731,0.475975976
57,50,Kyoto University,Japan,Asia,L,FC,VH,Public,99.7,19,99.3,22,94.3,80,50.9,369,22.9,675,29.2,601,35.1,551,85.5,247,85.9,132,84,124,80.2,38,18,74.8,65.1,73.4,77.8,76.4,66.4,59.4,1897,23000,13,11,3,0,44.5,129,QS Jun-2025 | THE Oct-2025 | ARWU Aug-2025,Public,129,0.553047404,Excellent,Top 100,0.561264822,0.475975976
58,59,Ludwig-Maximilians-Universität München,Germany,Europe,XL,FC,VH,Public,97.1,41,95.5,47,41,493,62.3,271,80.3,296,53.2,387,57.6,354,95.5,72,76.8,172,87,89,80.1,32,42,77.4,45.8,73.8,75.4,70.4,68.4,72.8,1472,53000,13,13,0,1,42.7,554,QS Jun-2025 | THE Oct-2025 | ARWU Aug-2025,Public,554,0.550790068,Excellent,Top 100,0.612648221,0.186186186
58,60,Universiti Malaya (UM),Malaysia,Asia,L,FC,VH,Public,92.3,58,96.7,40,74.2,205,47.4,398,69.2,338,86.8,188,87.3,159,92.9,127,77.7,167,84.7,115,80.1,43,18,78,65.1,74.7,78.3,74.9,66.7,69.9,1828,35279,31,28,1,0,38.1,198,QS Jun-2025 only (not in THE/ARWU combined file),Public,198,0.550790068,Excellent,Top 100,0.624505929,0.475975976
60,63,KU Leuven,Belgium,Europe,XL,FC,VH,Public,93,53,63.5,169,9.6,801,94.7,75,95.8,166,65.1,307,48.5,428,99.5,4,83.5,143,94.7,25,79.7,43,18,78,65.1,74.7,78.3,74.9,66.7,69.9,1828,35279,31,28,1,0,38.1,198,QS Jun-2025 only (not in THE/ARWU combined file),Public,198,0.541760722,Good,Top 100,0.624505929,0.475975976
61,67,Korea University,Republic of Korea,Asia,L,FC,VH,Private not for Profit,89.2,70,95.4,48,77,183,68.2,229,24.5,656,64,311,67.5,287,67.7,573,93.6,83,85.9,101,79.6,43,18,78,65.1,74.7,78.3,74.9,66.7,69.9,1828,35279,31,28,1,0,38.1,198,QS Jun-2025 only (not in THE/ARWU combined file),Public,198,0.539503386,Good,Top 100,0.624505929,0.475975976
62,61,Duke University,United States of America,Americas,L,FC,VH,Private not for Profit,92.9,54,91,68,100,7,47.1,402,28.3,602,62,326,46.2,450,90.8,163,95.6,73,77.6,205,79,22,18,80.4,65.1,78.8,88.4,86.8,70.4,62.4,1838,17000,27,13,0,0,24,188,QS Jun-2025 | THE Oct-2025 | ARWU Aug-2025,Private,188,0.525959368,Good,Top 100,0.671936759,0.475975976
63,62,City University of Hong Kong,"Hong Kong SAR, China",Asia,M,CO,VH,Public,75.5,109,46.7,284,94.8,75,100,2,100,16,100,5,100,2,64.5,628,48.5,356,75.2,232,78.9,43,18,78,65.1,74.7,78.3,74.9,66.7,69.9,1828,35279,31,28,1,0,38.1,198,QS Jun-2025 only (not in THE/ARWU combined file),Public,198,0.523702032,Good,Top 100,0.624505929,0.475975976
63,68,National Taiwan University (NTU),Taiwan,Asia,L,FC,VH,Public,97.7,38,94.2,54,38.8,522,70.9,209,25.3,647,59.2,346,63.1,313,67.1,587,100,11,88.4,74,78.9,43,18,78,65.1,74.7,78.3,74.9,66.7,69.9,1828,35279,31,28,1,0,38.1,198,QS Jun-2025 only (not in THE/ARWU combined file),Public,198,0.523702032,Good,Top 100,0.624505929,0.475975976
65,65,The University of Auckland,New Zealand,Oceania,XL,FC,VH,Public,91.7,63,55.2,220,17.6,801,79.1,162,100,83,95.5,122,95.8,104,88.8,194,96.9,61,95.7,17,77.5,43,18,78,65.1,74.7,78.3,74.9,66.7,69.9,1828,35279,31,28,1,0,38.1,198,QS Jun-2025 only (not in THE/ARWU combined file),Public,198,0.492099323,Good,Top 100,0.624505929,0.475975976
66,72,"University of California, San Diego (UCSD)",United States of America,Americas,XL,FC,VH,Public,94,49,80.2,103,54.4,347,80.3,155,43.8,473,47,431,52,400,94,99,40.8,430,72.3,286,76.9,43,18,78,65.1,74.7,78.3,74.9,66.7,69.9,1828,35279,31,28,1,0,38.1,198,QS Jun-2025 only (not in THE/ARWU combined file),Public,198,0.478555305,Good,Top 100,0.624505929,0.475975976
67,101,King Fahd University of Petroleum & Minerals,Saudi Arabia,Asia,M,FO,VH,Public,53.5,206,75.6,124,92.4,93,93.2,85,100,27,76.2,250,76.6,228,81,330,97.8,48,62.7,444,76.5,234,18,51.4,65.1,39.4,38.8,34.4,36.4,52.4,1963,10000,16,0,0,0,150.5,63,QS Jun-2025 | THE Oct-2025 | ARWU Aug-2025,Public,63,0.469525959,Good,Top 100,0.098814229,0.475975976
68,66,University of Texas at Austin,United States of America,Americas,XL,FC,VH,Public,97.6,39,96.8,38,10.7,801,85.4,122,9.1,801,19.1,742,14.4,801,90.5,169,93.9,82,70.6,308,76.4,43,18,78,65.1,74.7,78.3,74.9,66.7,69.9,1828,35279,31,28,1,0,38.1,198,QS Jun-2025 only (not in THE/ARWU combined file),Public,198,0.467268623,Good,Top 100,0.624505929,0.475975976
69,79,Brown University,United States of America,Americas,M,FC,VH,Private not for Profit,72.4,126,64.3,166,84.5,139,82.2,143,91,218,67,297,70.2,269,80.1,352,81.9,151,72.6,280,76.2,43,18,78,65.1,74.7,78.3,74.9,66.7,69.9,1828,35279,31,28,1,0,38.1,198,QS Jun-2025 only (not in THE/ARWU combined file),Public,198,0.46275395,Good,Top 100,0.624505929,0.475975976
70,73,Université Paris-Saclay,France,Europe,XL,CO,VH,Public,75.3,112,99.4,19,99.9,24,42.4,450,45.9,463,72.7,263,75.4,233,98.5,16,82.9,146,92.7,39,75.9,17,13,83.4,62.2,79.8,85.8,86.4,68.8,56.4,2015,48000,20,22,4,0,15,11,QS Jun-2025 | THE Oct-2025 | ARWU Aug-2025,Public,11,0.455981941,Good,Top 100,0.731225296,0.432432432
70,69,University of Illinois at Urbana-Champaign,United States of America,Americas,XL,FC,VH,Public,91.7,62,91.5,66,8.6,801,81.6,147,14.2,801,70.1,277,52.2,395,91.3,152,92.5,86,75.9,223,75.9,43,18,78,65.1,74.7,78.3,74.9,66.7,69.9,1828,35279,31,28,1,0,38.1,198,QS Jun-2025 only (not in THE/ARWU combined file),Public,198,0.455981941,Good,Top 100,0.624505929,0.475975976
72,75,Lund University,Sweden,Europe,L,FC,VH,Public,80.1,99,64.1,167,68.1,246,56.6,312,98.8,134,82,213,83.7,181,97.1,35,96.1,65,98.8,3,75.7,43,18,78,65.1,74.7,78.3,74.9,66.7,69.9,1828,35279,31,28,1,0,38.1,198,QS Jun-2025 only (not in THE/ARWU combined file),Public,198,0.451467269,Good,Top 100,0.624505929,0.475975976
72,63,Sorbonne University (merged from Paris IV & UPMC),France,Europe,XL,FC,VH,Public,93.2,52,62.1,182,56.4,329,68.8,225,35.5,533,66.8,300,70,270,99.4,9,84.2,140,89.2,68,75.7,43,18,78,65.1,74.7,78.3,74.9,66.7,69.9,1828,35279,31,28,1,0,38.1,198,QS Jun-2025 only (not in THE/ARWU combined file),Public,198,0.451467269,Good,Top 100,0.624505929,0.475975976
74,69,The University of Warwick,United Kingdom,Europe,L,FC,VH,Public,82.7,85,93,60,48.3,402,43.6,432,99.5,111,99.2,60,99.3,49,93.8,101,75.3,182,84.6,117,75.2,43,18,78,65.1,74.7,78.3,74.9,66.7,69.9,1828,35279,31,28,1,0,38.1,198,QS Jun-2025 only (not in THE/ARWU combined file),Public,198,0.440180587,Good,Top 100,0.624505929,0.475975976
75,87,"Trinity College Dublin, The University of Dublin",Ireland,Europe,L,FC,VH,Public,82.5,87,68.1,154,28.7,662,66,240,100,88,94.9,126,95.2,107,89.4,183,95.3,74,73.8,262,73.9,43,18,78,65.1,74.7,78.3,74.9,66.7,69.9,1828,35279,31,28,1,0,38.1,198,QS Jun-2025 only (not in THE/ARWU combined file),Public,198,0.410835214,Good,Top 100,0.624505929,0.475975976
76,80,University of Birmingham,United Kingdom,Europe,XL,FC,VH,Public,81.1,95,75.7,122,49.9,385,56.1,316,96.7,154,93.4,139,93.9,115,96.3,54,54.7,305,92.8,38,73.8,43,18,78,65.1,74.7,78.3,74.9,66.7,69.9,1828,35279,31,28,1,0,38.1,198,QS Jun-2025 only (not in THE/ARWU combined file),Public,198,0.408577878,Good,Top 100,0.624505929,0.475975976
77,77,The University of Western Australia,Australia,Oceania,L,FC,VH,Public,69,137,56.5,209,15.1,801,99.2,34,100,77,100,36,100,23,93.2,122,82.6,147,83.7,129,73.7,43,18,78,65.1,74.7,78.3,74.9,66.7,69.9,1828,35279,31,28,1,0,38.1,198,QS Jun-2025 only (not in THE/ARWU combined file),Public,198,0.406320542,Good,Top 100,0.624505929,0.475975976
78,74,KTH Royal Institute of Technology,Sweden,Europe,L,FO,VH,Public,60.2,174,62.1,183,68.3,242,88.2,109,95.6,171,81.8,215,60.9,331,91.7,147,72.7,197,89.8,66,73.6,43,18,78,65.1,74.7,78.3,74.9,66.7,69.9,1828,35279,31,28,1,0,38.1,198,QS Jun-2025 only (not in THE/ARWU combined file),Public,198,0.404063205,Good,Top 100,0.624505929,0.475975976
79,78,University of Glasgow,United Kingdom,Europe,XL,FC,VH,Public,88.3,72,73.5,132,50.3,377,44.8,416,98,140,99.1,67,99.1,57,97,38,44.5,395,95.4,19,73.4,43,18,78,65.1,74.7,78.3,74.9,66.7,69.9,1828,35279,31,28,1,0,38.1,198,QS Jun-2025 only (not in THE/ARWU combined file),Public,198,0.399548533,Good,Top 100,0.624505929,0.475975976
80,84,Ruprecht-Karls-Universität Heidelberg,Germany,Europe,L,FO,VH,Public,87.1,74,72.2,138,99.8,32,41.4,456,66.2,352,71.4,265,74.1,240,94.7,88,34.6,494,85.5,106,73,43,18,78,65.1,74.7,78.3,74.9,66.7,69.9,1828,35279,31,28,1,0,38.1,198,QS Jun-2025 only (not in THE/ARWU combined file),Public,198,0.390519187,Good,Top 100,0.624505929,0.475975976
81,76,University of Washington,United States of America,Americas,XL,FC,VH,Public,90.1,68,74.8,128,49.2,391,69.2,221,14.7,801,45.8,441,34.2,561,95,83,79.9,160,74.9,237,72.7,43,18,78,65.1,74.7,78.3,74.9,66.7,69.9,1828,35279,31,28,1,0,38.1,198,QS Jun-2025 only (not in THE/ARWU combined file),Public,198,0.383747178,Good,Top 100,0.624505929,0.475975976
82,102,Adelaide University,Australia,Oceania,XL,CO,VH,Public,78.3,102,62.7,176,30.5,621,69.8,218,100,90,97.5,96,72.5,251,96.7,46,70.4,207,86.1,98,72.6,43,18,78,65.1,74.7,78.3,74.9,66.7,69.9,1828,35279,31,28,1,0,38.1,198,QS Jun-2025 only (not in THE/ARWU combined file),Public,198,0.381489842,Good,Top 100,0.624505929,0.475975976
82,89,Pennsylvania State University,United States of America,Americas,XL,FC,VH,Public,86.1,77,85.8,89,29.1,647,67.2,235,37.4,518,38.2,514,43.8,476,97.4,31,79.2,165,95.4,19,72.6,43,18,78,65.1,74.7,78.3,74.9,66.7,69.9,1828,35279,31,28,1,0,38.1,198,QS Jun-2025 only (not in THE/ARWU combined file),Public,198,0.381489842,Good,Top 100,0.624505929,0.475975976
84,71,Universidad de Buenos Aires,Argentina,Americas,XL,FC,VH,Public,98.1,34,95.8,44,82,158,2.3,801,72.3,328,78.5,233,80.5,202,75.8,423,99.9,12,66.1,376,72.3,43,18,78,65.1,74.7,78.3,74.9,66.7,69.9,1828,35279,31,28,1,0,38.1,198,QS Jun-2025 only (not in THE/ARWU combined file),Public,198,0.374717833,Good,Top 100,0.624505929,0.475975976
85,84,Tokyo Institute of Technology,Japan,Asia,M,FO,VH,Public,85,80,95.7,45,87.6,115,54.2,339,29.8,587,43.4,464,46.6,446,67.8,571,33.5,504,74.2,253,72.1,43,18,78,65.1,74.7,78.3,74.9,66.7,69.9,1828,35279,31,28,1,0,38.1,198,QS Jun-2025 only (not in THE/ARWU combined file),Public,198,0.37020316,Good,Top 100,0.624505929,0.475975976
86,82,University of Leeds,United Kingdom,Europe,XL,FC,VH,Public,81.8,90,82.1,98,39.7,512,48.8,380,89.7,224,96.3,108,96.5,93,99.2,13,62.9,250,76.4,219,72,43,18,78,65.1,74.7,78.3,74.9,66.7,69.9,1828,35279,31,28,1,0,38.1,198,QS Jun-2025 only (not in THE/ARWU combined file),Public,198,0.367945824,Good,Top 100,0.624505929,0.475975976
87,80,University of Southampton,United Kingdom,Europe,L,FC,VH,Public,62.6,163,55.9,214,40.1,504,87.8,111,96.8,153,98.6,82,98.6,69,97.4,32,58.6,279,95.1,23,71.2,43,18,78,65.1,74.7,78.3,74.9,66.7,69.9,1828,35279,31,28,1,0,38.1,198,QS Jun-2025 only (not in THE/ARWU combined file),Public,198,0.349887133,Good,Top 100,0.624505929,0.475975976
88,108,Boston University,United States of America,Americas,L,FC,VH,Private not for Profit,75.3,111,86.7,83,40.6,497,61.9,273,40,500,92.8,150,93.3,124,84.9,256,86.9,127,73.7,264,71.1,43,18,78,65.1,74.7,78.3,74.9,66.7,69.9,1828,35279,31,28,1,0,38.1,198,QS Jun-2025 only (not in THE/ARWU combined file),Public,198,0.347629797,Good,Top 100,0.624505929,0.475975976
88,97,Freie Universität Berlin,Germany,Europe,L,FC,VH,Public,88.3,71,66.4,160,8.3,801,84.3,128,73.8,322,56,373,60.2,340,94.4,92,46.9,374,65.4,391,71.1,43,18,78,65.1,74.7,78.3,74.9,66.7,69.9,1828,35279,31,28,1,0,38.1,198,QS Jun-2025 only (not in THE/ARWU combined file),Public,198,0.347629797,Good,Top 100,0.624505929,0.475975976
88,89,Purdue University,United States of America,Americas,XL,FC,VH,Public,74.3,115,92.7,62,16.4,801,62.4,265,96.4,159,55.3,377,59.6,344,91,157,81,153,88.4,74,71.1,43,18,78,65.1,74.7,78.3,74.9,66.7,69.9,1828,35279,31,28,1,0,38.1,198,QS Jun-2025 only (not in THE/ARWU combined file),Public,198,0.347629797,Good,Top 100,0.624505929,0.475975976
91,86,The University of Osaka,Japan,Asia,L,FC,VH,Public,90.5,67,90,73,45.6,430,65.8,242,25.2,649,21.1,709,27.2,651,72,500,51.4,330,79.5,180,71,43,18,78,65.1,74.7,78.3,74.9,66.7,69.9,1828,35279,31,28,1,0,38.1,198,QS Jun-2025 only (not in THE/ARWU combined file),Public,198,0.34537246,Good,Top 100,0.624505929,0.475975976
92,105,The University of Sheffield,United Kingdom,Europe,L,FC,VH,Public,73,122,61.7,186,50.3,378,68.4,226,81.6,281,98,89,98.1,76,96.8,42,47.9,363,94.3,27,70.9,43,18,78,65.1,74.7,78.3,74.9,66.7,69.9,1828,35279,31,28,1,0,38.1,198,QS Jun-2025 only (not in THE/ARWU combined file),Public,198,0.343115124,Good,Top 100,0.624505929,0.475975976
93,103,Uppsala University,Sweden,Europe,L,FC,VH,Public,74.7,113,48.1,268,66.3,260,55.9,318,99.7,106,82.9,207,84.5,174,95.9,60,82.9,145,94.4,26,70.3,43,18,78,65.1,74.7,78.3,74.9,66.7,69.9,1828,35279,31,28,1,0,38.1,198,QS Jun-2025 only (not in THE/ARWU combined file),Public,198,0.329571106,Good,Top 100,0.624505929,0.475975976
94,89,Durham University,United Kingdom,Europe,L,FC,VH,Public,74.1,117,91.9,64,37.3,539,42.9,441,99.2,123,94.5,134,94.9,111,90.9,161,53.6,316,95.2,22,70.1,43,18,78,65.1,74.7,78.3,74.9,66.7,69.9,1828,35279,31,28,1,0,38.1,198,QS Jun-2025 only (not in THE/ARWU combined file),Public,198,0.325056433,Good,Top 100,0.624505929,0.475975976
94,96,University of Alberta,Canada,Americas,XL,FC,VH,Public,70.9,133,53,230,44.6,443,71.5,204,99.4,119,78.6,229,80.6,199,94.5,90,77.1,169,90.7,58,70.1,43,18,78,65.1,74.7,78.3,74.9,66.7,69.9,1828,35279,31,28,1,0,38.1,198,QS Jun-2025 only (not in THE/ARWU combined file),Public,198,0.325056433,Good,Top 100,0.624505929,0.475975976
96,88,University of Technology Sydney,Australia,Oceania,L,CO,VH,Public,58.7,180,66.7,159,11.8,801,99.3,33,97.6,146,91.7,151,92.3,128,89.7,177,52.3,323,92,47,69.9,43,18,78,65.1,74.7,78.3,74.9,66.7,69.9,1828,35279,31,28,1,0,38.1,198,QS Jun-2025 only (not in THE/ARWU combined file),Public,198,0.320541761,Good,Top 100,0.624505929,0.475975976
97,108,The University of Nottingham,United Kingdom,Europe,XL,FC,VH,Public,75.4,110,78.4,110,44.5,444,48.6,382,92.7,202,78.5,231,80.6,201,97.4,30,53.7,313,92.9,36,69.4,43,18,78,65.1,74.7,78.3,74.9,66.7,69.9,1828,35279,31,28,1,0,38.1,198,QS Jun-2025 only (not in THE/ARWU combined file),Public,198,0.309255079,Good,Top 100,0.624505929,0.475975976
98,102,Karlsruhe Institute of Technology (KIT),Germany,Europe,L,FO,VH,Public,57.1,194,87.4,82,48.9,397,77.1,168,83.8,265,56.9,363,61.1,330,86.9,219,61.5,254,79.5,180,69.1,43,18,78,65.1,74.7,78.3,74.9,66.7,69.9,1828,35279,31,28,1,0,38.1,198,QS Jun-2025 only (not in THE/ARWU combined file),Public,198,0.30248307,Good,Top 100,0.624505929,0.475975976
98,111,Politecnico di Milano,Italy,Europe,XL,CO,VH,Public,83.4,84,90.1,72,9.3,801,53.9,343,74.4,317,69.3,281,72.3,252,87,215,72,199,72.9,275,69.1,43,18,78,65.1,74.7,78.3,74.9,66.7,69.9,1863,47000,21,0,0,0,98,163,QS Jun-2025 | THE Oct-2025 | ARWU Aug-2025,Public,163,0.30248307,Good,Top 100,0.624505929,0.475975976
100,109,University of Zurich (UZH),Switzerland,Europe,L,FO,VH,Public,71,132,43.5,308,95.2,72,52.3,361,100,82,57.8,357,43.1,482,93.5,114,90.8,97,69.8,318,68.5,43,18,78,65.1,74.7,78.3,74.9,66.7,69.9,1828,35279,31,28,1,0,38.1,198,QS Jun-2025 only (not in THE/ARWU combined file),Public,198,0.288939052,Good,Top 100,0.624505929,0.475975976
101,100,University of Copenhagen,Denmark,Europe,XL,FC,VH,Public,85.5,79,41.7,324,99.6,34,36.6,512,87.3,241,26.5,640,19.9,765,98,22,94.4,77,76.3,221,68.4,43,18,78,65.1,74.7,78.3,74.9,66.7,69.9,1828,35279,31,28,1,0,38.1,198,QS Jun-2025 only (not in THE/ARWU combined file),Public,198,0.286681716,Good,Top 500,0.624505929,0.475975976
102,98,Pohang University of Science And Technology (POSTECH),Republic of Korea,Asia,S,FO,VH,Private not for Profit,61.3,166,83.3,94,99.9,27,98.3,45,31.6,568,4.2,801,8.3,801,29.6,801,16,801,64.3,415,67.9,43,18,78,65.1,74.7,78.3,74.9,66.7,69.9,1828,35279,31,28,1,0,38.1,198,QS Jun-2025 only (not in THE/ARWU combined file),Public,198,0.275395034,Good,Top 500,0.624505929,0.475975976
103,145,Nanjing University,China (Mainland),Asia,XL,FC,VH,Public,72.1,128,61.2,188,37.2,541,99,39,82.9,273,15.9,799,12,801,69.5,541,39.7,440,59.5,513,67.7,43,18,78,65.1,74.7,78.3,74.9,66.7,69.9,1828,35279,31,28,1,0,38.1,198,QS Jun-2025 only (not in THE/ARWU combined file),Public,198,0.270880361,Good,Top 500,0.624505929,0.475975976
103,105,Utrecht University,Netherlands,Europe,XL,FC,VH,Public,79.3,100,49.2,258,39.5,514,77.9,165,63.4,367,30.5,586,22.8,723,97.8,23,73.2,194,75.1,235,67.7,43,18,78,65.1,74.7,78.3,74.9,66.7,69.9,1828,35279,31,28,1,0,38.1,198,QS Jun-2025 only (not in THE/ARWU combined file),Public,198,0.270880361,Good,Top 500,0.624505929,0.475975976
105,94,Lomonosov Moscow State University,Russian Federation,Europe,L,FC,VH,Public,83.7,83,87.9,80,99.9,26,7.3,801,25.5,641,96,112,96.1,97,87,214,98.3,37,48.8,734,67.6,43,18,78,65.1,74.7,78.3,74.9,66.7,69.9,1828,35279,31,28,1,0,38.1,198,QS Jun-2025 only (not in THE/ARWU combined file),Public,198,0.268623025,Good,Top 500,0.624505929,0.475975976
105,99,Rheinisch-Westfälische Technische Hochschule Aachen,Germany,Europe,L,FC,VH,Public,57.7,187,95.7,46,10.7,801,79.7,157,59.6,393,93,146,93.5,122,86,237,55.9,298,82.9,135,67.6,43,18,78,65.1,74.7,78.3,74.9,66.7,69.9,1828,35279,31,28,1,0,38.1,198,QS Jun-2025 only (not in THE/ARWU combined file),Public,198,0.268623025,Good,Top 500,0.624505929,0.475975976
107,109,Technical University of Denmark,Denmark,Europe,M,FO,VH,Public,44.8,264,36.2,396,98.4,49,90.9,99,100,52,95.9,113,96.1,96,87.1,213,60.5,269,68,351,67.5,43,18,78,65.1,74.7,78.3,74.9,66.7,69.9,1828,35279,31,28,1,0,38.1,198,QS Jun-2025 only (not in THE/ARWU combined file),Public,198,0.266365688,Good,Top 500,0.624505929,0.475975976
108,92,Universidade de São Paulo (USP),Brazil,Americas,XL,FC,VH,Public,97.3,40,81,102,30.5,623,40.3,467,9.2,801,3.5,801,8.5,801,95.3,76,98.8,31,89,70,67.3,143,81,59.2,33.4,50.4,49.8,46.4,48.4,44.4,1934,96000,3,1,0,1,106.7,92,QS Jun-2025 | THE Oct-2025 | ARWU Aug-2025,Public,92,0.261851016,Good,Top 500,0.252964427,0
109,107,Tohoku University,Japan,Asia,L,FC,VH,Public,84.5,82,86.5,84,98.2,52,35.5,519,20.5,705,19.4,739,25.5,678,70.1,529,36.5,474,82,149,66.7,43,18,78,65.1,74.7,78.3,74.9,66.7,69.9,1828,35279,31,28,1,0,38.1,198,QS Jun-2025 only (not in THE/ARWU combined file),Public,198,0.248306998,Good,Top 500,0.624505929,0.475975976
110,120,Queen Mary University of London (QMUL),United Kingdom,Europe,L,FC,VH,Public,63.6,160,47.1,277,31,618,83.4,134,99.9,100,99.9,45,99.9,34,91.9,146,40.1,438,82.4,144,66.6,43,18,78,65.1,74.7,78.3,74.9,66.7,69.9,1828,35279,31,28,1,0,38.1,198,QS Jun-2025 only (not in THE/ARWU combined file),Public,198,0.246049661,Good,Top 500,0.624505929,0.475975976
110,116,University of Wisconsin-Madison,United States of America,Americas,XL,FC,VH,Public,85.7,78,63.1,172,84.3,141,28.1,606,57.7,400,37,527,42.6,488,88.9,192,91,96,72.5,281,66.6,43,18,78,65.1,74.7,78.3,74.9,66.7,69.9,1828,35279,31,28,1,0,38.1,198,QS Jun-2025 only (not in THE/ARWU combined file),Public,198,0.246049661,Good,Top 500,0.624505929,0.475975976
112,122,Qatar University,Qatar,Asia,M,FC,VH,Public,43.3,273,56.5,208,73.8,206,73.3,188,100,26,98.6,83,98.6,70,89.6,179,98.9,29,72.2,289,66.5,43,18,78,65.1,74.7,78.3,74.9,66.7,69.9,1828,35279,31,28,1,0,38.1,198,QS Jun-2025 only (not in THE/ARWU combined file),Public,198,0.243792325,Good,Top 500,0.624505929,0.475975976
113,104,University of St Andrews,United Kingdom,Europe,M,FO,VH,Public,61.5,165,74.9,127,63.8,278,51.3,368,98.8,131,99.7,47,99.7,36,87.7,208,28.9,575,86.2,97,66.4,43,18,78,65.1,74.7,78.3,74.9,66.7,69.9,1828,35279,31,28,1,0,38.1,198,QS Jun-2025 only (not in THE/ARWU combined file),Public,198,0.241534989,Good,Top 500,0.624505929,0.475975976
114,113,Aalto University,Finland,Europe,L,FO,VH,Public,57.5,189,56.1,212,35.1,564,79.6,160,97.2,147,60,343,63.9,312,80.9,332,97.1,55,88.3,77,66.3,43,18,78,65.1,74.7,78.3,74.9,66.7,69.9,1828,35279,31,28,1,0,38.1,198,QS Jun-2025 only (not in THE/ARWU combined file),Public,198,0.239277652,Good,Top 500,0.624505929,0.475975976
114,130,"University of California, Davis",United States of America,Americas,XL,FC,VH,Public,72.7,125,70.1,146,28.3,675,66.5,237,86.5,250,61.9,327,65.6,298,90.8,165,38,457,79.8,174,66.3,43,18,78,65.1,74.7,78.3,74.9,66.7,69.9,1828,35279,31,28,1,0,38.1,198,QS Jun-2025 only (not in THE/ARWU combined file),Public,198,0.239277652,Good,Top 500,0.624505929,0.475975976
116,93,Pontificia Universidad Católica de Chile,Chile,Americas,L,FC,VH,Private not for Profit,98,36,98.6,29,35.1,562,14.2,801,42,482,7.8,801,11.9,801,81.2,328,99.9,13,80,169,66.1,43,18,78,65.1,74.7,78.3,74.9,66.7,69.9,1828,35279,31,28,1,0,38.1,198,QS Jun-2025 only (not in THE/ARWU combined file),Public,198,0.23476298,Good,Top 500,0.624505929,0.475975976
116,117,University of Helsinki,Finland,Europe,L,CO,VH,Public,74.5,114,37.7,370,66.9,256,62.7,262,78.5,305,13.1,801,19.1,779,96.1,57,94.2,80,95.6,18,66.1,43,18,78,65.1,74.7,78.3,74.9,66.7,69.9,1828,35279,31,28,1,0,38.1,198,QS Jun-2025 only (not in THE/ARWU combined file),Public,198,0.23476298,Good,Top 500,0.624505929,0.475975976
118,126,University College Dublin,Ireland,Europe,L,FC,VH,Public,66.5,149,57.6,204,19.7,801,62,272,99.5,112,89.6,170,90.5,144,89,188,92.2,88,91.7,49,66,43,18,78,65.1,74.7,78.3,74.9,66.7,69.9,1828,35279,31,28,1,0,38.1,198,QS Jun-2025 only (not in THE/ARWU combined file),Public,198,0.232505643,Good,Top 500,0.624505929,0.475975976
119,141,Leiden University,Netherlands,Europe,XL,FC,VH,Public,80.4,97,46.3,288,30.3,629,64.9,249,89.7,225,68.4,288,50.9,408,94.3,93,61.2,263,58.6,530,65.7,43,18,78,65.1,74.7,78.3,74.9,66.7,69.9,1828,35279,31,28,1,0,38.1,198,QS Jun-2025 only (not in THE/ARWU combined file),Public,198,0.225733634,Good,Top 500,0.624505929,0.475975976
119,141,Rice University,United States of America,Americas,M,CO,VH,Private not for Profit,50.6,221,51,245,74.9,196,81.6,148,91.3,215,96.6,104,96.8,91,66.3,605,45.7,381,81.5,156,65.7,43,18,78,65.1,74.7,78.3,74.9,66.7,69.9,1828,35279,31,28,1,0,38.1,198,QS Jun-2025 only (not in THE/ARWU combined file),Public,198,0.225733634,Good,Top 500,0.624505929,0.475975976
119,119,University of Oslo,Norway,Europe,L,FC,VH,Public,67.8,143,27.7,498,78.4,176,67.7,232,95.8,167,46,439,34.3,560,96.8,43,86.6,129,72.3,286,65.7,43,18,78,65.1,74.7,78.3,74.9,66.7,69.9,1828,35279,31,28,1,0,38.1,198,QS Jun-2025 only (not in THE/ARWU combined file),Public,198,0.225733634,Good,Top 500,0.624505929,0.475975976
119,115,University of Waterloo,Canada,Americas,XL,CO,VH,Public,53,209,74.2,130,8.8,801,88.3,108,81.5,283,76.6,247,78.9,219,83.5,285,72,201,90.5,60,65.7,43,18,78,65.1,74.7,78.3,74.9,66.7,69.9,1828,35279,31,28,1,0,38.1,198,QS Jun-2025 only (not in THE/ARWU combined file),Public,198,0.225733634,Good,Top 500,0.624505929,0.475975976
123,114,Georgia Institute of Technology,United States of America,Americas,XL,CO,VH,Public,76,107,92.8,61,32.4,595,54.2,340,21.5,692,60.4,339,64.2,308,79,368,67.5,228,66.1,376,65.5,43,18,78,65.1,74.7,78.3,74.9,66.7,69.9,1828,35279,31,28,1,0,38.1,198,QS Jun-2025 only (not in THE/ARWU combined file),Public,198,0.221218962,Good,Top 500,0.624505929,0.475975976
123,150,Indian Institute of Technology Delhi (IITD),India,Asia,M,FO,VH,Public,67.9,142,95,50,21.9,792,93.1,86,3.2,801,1.9,801,6.3,801,66.9,590,50.5,340,79.9,172,65.5,43,18,78,65.1,74.7,78.3,74.9,66.7,69.9,1828,35279,31,28,1,0,38.1,198,QS Jun-2025 only (not in THE/ARWU combined file),Public,198,0.221218962,Good,Top 500,0.624505929,0.475975976
125,123,RMIT University,Australia,Oceania,XL,CO,VH,Public,55.1,202,60.3,191,7.2,801,91.3,96,100,45,95.2,125,95.5,106,83.1,292,49.9,345,87.9,80,65.3,43,18,78,65.1,74.7,78.3,74.9,66.7,69.9,1828,35279,31,28,1,0,38.1,198,QS Jun-2025 only (not in THE/ARWU combined file),Public,198,0.216704289,Good,Top 500,0.624505929,0.475975976
126,123,Sungkyunkwan University,Republic of Korea,Asia,L,FC,VH,Private not for Profit,68.4,139,75.6,125,83.8,149,62.3,269,24.2,659,57.6,359,61.6,326,49.5,801,44.2,400,74.7,243,65.2,43,18,78,65.1,74.7,78.3,74.9,66.7,69.9,1828,35279,31,28,1,0,38.1,198,QS Jun-2025 only (not in THE/ARWU combined file),Public,198,0.214446953,Good,Top 500,0.624505929,0.475975976
126,138,Universiti Kebangsaan Malaysia (UKM),Malaysia,Asia,L,FC,VH,Public,76.2,106,76.4,119,78.7,174,30.1,587,50.1,439,94.7,129,94,114,86.1,235,35.5,485,74.7,243,65.2,43,18,78,65.1,74.7,78.3,74.9,66.7,69.9,1828,35279,31,28,1,0,38.1,198,QS Jun-2025 only (not in THE/ARWU combined file),Public,198,0.214446953,Good,Top 500,0.624505929,0.475975976
128,132,Sapienza University of Rome,Italy,Europe,XL,FC,VH,Public,90.7,65,66.4,161,7.8,801,62.9,261,4,801,14.8,801,20.9,749,95.9,61,91.5,92,81.9,151,64.9,43,18,78,65.1,74.7,78.3,74.9,66.7,69.9,1828,35279,31,28,1,0,38.1,198,QS Jun-2025 only (not in THE/ARWU combined file),Public,198,0.207674944,Good,Top 500,0.624505929,0.475975976
129,118,Indian Institute of Technology Bombay (IITB),India,Asia,L,FO,VH,Public,73.3,120,96.7,39,16.1,801,82.9,136,6.5,801,1.6,801,1.5,801,46.6,801,72.6,198,75.2,232,64.8,351,18,46.4,65.1,37.4,36.8,32.4,34.4,40.4,1958,10000,5,0,0,0,234.5,68,QS Jun-2025 | THE Oct-2025 | ARWU Aug-2025,Public,68,0.205417607,Good,Top 500,0,0.475975976
130,126,Humboldt-Universität zu Berlin,Germany,Europe,XL,FC,VH,Public,94.3,47,75.3,126,10.5,801,43.4,435,75.7,314,47.6,424,35.5,541,95,85,27.5,603,58.4,536,64.5,43,18,78,65.1,74.7,78.3,74.9,66.7,69.9,1828,35279,31,28,1,0,38.1,198,QS Jun-2025 only (not in THE/ARWU combined file),Public,198,0.198645598,Good,Top 500,0.624505929,0.475975976
131,144,Aarhus University,Denmark,Europe,L,FC,VH,Public,68.3,140,41.7,325,42.4,472,74.1,183,96.7,157,25.5,654,19.1,777,96.3,52,79.4,164,73.2,271,64.3,43,18,78,65.1,74.7,78.3,74.9,66.7,69.9,1828,35279,31,28,1,0,38.1,198,QS Jun-2025 only (not in THE/ARWU combined file),Public,198,0.194130926,Good,Top 500,0.624505929,0.475975976
132,150,University of Bath,United Kingdom,Europe,L,CO,VH,Public,48.9,233,81.6,100,20.5,801,75.9,173,95.6,170,86.8,187,88,156,85.3,250,50.7,337,83.8,127,64.2,43,18,78,65.1,74.7,78.3,74.9,66.7,69.9,1828,35279,31,28,1,0,38.1,198,QS Jun-2025 only (not in THE/ARWU combined file),Public,198,0.191873589,Good,Top 500,0.624505929,0.475975976
132,133,University of Science and Technology of China,China (Mainland),Asia,L,CO,VH,Public,57.6,188,50.6,248,98.1,56,99.4,30,14.9,801,7.8,801,13.5,801,74.4,457,42.8,410,55.3,596,64.2,43,18,78,65.1,74.7,78.3,74.9,66.7,69.9,1828,35279,31,28,1,0,38.1,198,QS Jun-2025 only (not in THE/ARWU combined file),Public,198,0.191873589,Good,Top 500,0.624505929,0.475975976
134,148,Universiti Putra Malaysia (UPM),Malaysia,Asia,L,FC,VH,Public,75.7,108,73.4,133,66.8,258,38.3,487,45.2,467,98.4,84,98.5,71,86.8,221,23.2,666,68.9,331,64.1,43,18,78,65.1,74.7,78.3,74.9,66.7,69.9,1828,35279,31,28,1,0,38.1,198,QS Jun-2025 only (not in THE/ARWU combined file),Public,198,0.189616253,Good,Top 500,0.624505929,0.475975976
134,146,Universiti Sains Malaysia (USM),Malaysia,Asia,L,FC,VH,Public,77.6,104,79.8,104,47.6,410,38.4,486,34.7,539,99.3,57,99.3,48,92.5,137,29.1,568,74.5,249,64.1,43,18,78,65.1,74.7,78.3,74.9,66.7,69.9,1828,35279,31,28,1,0,38.1,198,QS Jun-2025 only (not in THE/ARWU combined file),Public,198,0.189616253,Good,Top 500,0.624505929,0.475975976
136,94,Universidad Nacional Autónoma de México (UNAM),Mexico,Americas,XL,FC,VH,Public,99.2,28,95.9,43,47.1,419,4.1,801,10,801,5.4,801,10.7,801,93.6,110,97.9,47,82.2,146,64,43,18,78,65.1,74.7,78.3,74.9,66.7,69.9,1828,35279,31,28,1,0,38.1,198,QS Jun-2025 only (not in THE/ARWU combined file),Public,198,0.187358916,Good,Top 500,0.624505929,0.475975976
137,129,Newcastle University,United Kingdom,Europe,L,FC,VH,Public,62.9,162,68.7,152,49.5,388,49.1,379,92.5,205,81,220,82.8,185,95.8,65,40.5,433,90.9,56,63.9,43,18,78,65.1,74.7,78.3,74.9,66.7,69.9,1828,35279,31,28,1,0,38.1,198,QS Jun-2025 only (not in THE/ARWU combined file),Public,198,0.18510158,Good,Top 500,0.624505929,0.475975976
138,133,Alma Mater Studiorum - University of Bologna,Italy,Europe,XL,FC,VH,Public,90.6,66,67.5,156,6,801,51.9,363,29.9,585,26.5,639,32.5,583,95.6,67,67.4,229,83.2,133,63.3,43,18,78,65.1,74.7,78.3,74.9,66.7,69.9,1828,35279,31,28,1,0,38.1,198,QS Jun-2025 only (not in THE/ARWU combined file),Public,198,0.171557562,Good,Top 500,0.624505929,0.475975976
138,133,Macquarie University,Australia,Oceania,L,FC,VH,Public,47.7,242,56.7,206,13.6,801,85.8,119,100,86,97.3,98,97.5,86,91,156,62.2,252,90.6,59,63.3,43,18,78,65.1,74.7,78.3,74.9,66.7,69.9,1828,35279,31,28,1,0,38.1,198,QS Jun-2025 only (not in THE/ARWU combined file),Public,198,0.171557562,Good,Top 500,0.624505929,0.475975976
140,136,Eindhoven University of Technology,Netherlands,Europe,M,FO,VH,Public,40.5,296,77.3,115,43.6,455,81.9,146,100,87,95.7,119,95.9,101,74.3,459,33.1,512,74.1,255,63.2,43,18,78,65.1,74.7,78.3,74.9,66.7,69.9,1828,35279,31,28,1,0,38.1,198,QS Jun-2025 only (not in THE/ARWU combined file),Public,198,0.169300226,Good,Top 500,0.624505929,0.475975976
140,158,Erasmus University Rotterdam,Netherlands,Europe,L,FO,VH,Public,49.4,230,74.8,129,20.7,801,75.7,174,81.8,280,81.6,216,60.8,333,81.8,318,94,81,62.2,454,63.2,43,18,78,65.1,74.7,78.3,74.9,66.7,69.9,1828,35279,31,28,1,0,38.1,198,QS Jun-2025 only (not in THE/ARWU combined file),Public,198,0.169300226,Good,Top 500,0.624505929,0.475975976
140,155,"University of North Carolina, Chapel Hill",United States of America,Americas,L,FC,VH,Public,72.2,127,55.5,216,85.6,129,47.9,389,31.1,577,25,663,31.1,602,89.5,181,74,188,83.9,126,63.2,43,18,78,65.1,74.7,78.3,74.9,66.7,69.9,1828,35279,31,28,1,0,38.1,198,QS Jun-2025 only (not in THE/ARWU combined file),Public,198,0.169300226,Good,Top 500,0.624505929,0.475975976
143,200,King Saud University,Saudi Arabia,Asia,XL,FC,VH,Public,54.8,204,57.7,201,55.7,336,65.6,244,100,89,29.2,600,35.2,549,96.8,41,99.4,23,63.1,439,63.1,43,18,78,65.1,74.7,78.3,74.9,66.7,69.9,1828,35279,31,28,1,0,38.1,198,QS Jun-2025 only (not in THE/ARWU combined file),Public,198,0.167042889,Good,Top 500,0.624505929,0.475975976
144,154,Texas A&M University,United States of America,Americas,XL,FC,VH,Public,72.9,124,81.5,101,6.2,801,75.5,175,28,608,20.7,717,15.6,801,93,124,63.8,244,61,480,63,43,18,78,65.1,74.7,78.3,74.9,66.7,69.9,1828,35279,31,28,1,0,38.1,198,QS Jun-2025 only (not in THE/ARWU combined file),Public,198,0.164785553,Good,Top 500,0.624505929,0.475975976
145,147,Technische Universität Berlin,Germany,Europe,L,CO,VH,Public,64.6,156,79.4,107,70.6,221,34.3,533,64.2,361,84.5,197,85.9,168,89,187,47.6,367,68.3,344,62.8,43,18,78,65.1,74.7,78.3,74.9,66.7,69.9,1828,35279,31,28,1,0,38.1,198,QS Jun-2025 only (not in THE/ARWU combined file),Public,198,0.16027088,Good,Top 500,0.624505929,0.475975976
146,125,University of Southern California,United States of America,Americas,XL,FC,VH,Private not for Profit,61.2,167,69.6,150,19.6,801,66.2,240,15.8,786,81.2,219,82.9,184,87.8,204,98,45,92.1,45,62.6,43,18,78,65.1,74.7,78.3,74.9,66.7,69.9,1828,35279,31,28,1,0,38.1,198,QS Jun-2025 only (not in THE/ARWU combined file),Public,198,0.155756208,Good,Top 500,0.624505929,0.475975976
147,128,Stockholm University,Sweden,Europe,L,CO,VH,Public,65.1,155,29.5,484,28.3,678,73.6,186,83,271,79.4,224,59.1,346,96.7,45,90.5,102,72.1,291,62.5,43,18,78,65.1,74.7,78.3,74.9,66.7,69.9,1828,35279,31,28,1,0,38.1,198,QS Jun-2025 only (not in THE/ARWU combined file),Public,198,0.153498871,Good,Top 500,0.624505929,0.475975976
147,159,University of Groningen,Netherlands,Europe,XL,FC,VH,Public,67.2,147,41.6,326,56.2,331,53,353,95.4,174,89.4,173,66.6,293,93.4,118,53.5,317,67.6,355,62.5,43,18,78,65.1,74.7,78.3,74.9,66.7,69.9,1828,35279,31,28,1,0,38.1,198,QS Jun-2025 only (not in THE/ARWU combined file),Public,198,0.153498871,Good,Top 500,0.624505929,0.475975976
147,165,University of Liverpool,United Kingdom,Europe,L,FC,VH,Public,60.7,171,48.8,264,37.3,538,61.7,276,92.4,206,91.1,157,91.8,133,97,39,47.8,364,92.4,42,62.5,43,18,78,65.1,74.7,78.3,74.9,66.7,69.9,1828,35279,31,28,1,0,38.1,198,QS Jun-2025 only (not in THE/ARWU combined file),Public,198,0.153498871,Good,Top 500,0.624505929,0.475975976
150,171,University of Cape Town,South Africa,Africa,L,FC,VH,Public,58.2,183,62.3,179,14.6,801,75.4,176,66.1,353,27.9,615,33.9,562,97.7,24,97.7,49,92.1,45,62.3,178,18,55.8,65.1,48.4,47.8,43.4,45.4,60.4,1829,29000,36,0,0,0,164,197,QS Jun-2025 | THE Oct-2025 | ARWU Aug-2025,Public,197,0.148984199,Good,Top 500,0.185770751,0.475975976
151,120,Western University,Canada,Americas,L,FC,VH,Public,42.3,282,53.5,227,5.2,801,93.5,84,100,85,68.7,283,71.7,254,83.6,282,98,42,94,30,62,43,18,78,65.1,74.7,78.3,74.9,66.7,69.9,1828,35279,31,28,1,0,38.1,198,QS Jun-2025 only (not in THE/ARWU combined file),Public,198,0.14221219,Good,Top 500,0.624505929,0.475975976
152,137,University of Vienna,Austria,Europe,XL,FC,VH,Public,82.3,88,46.4,285,31,617,22.2,682,100,71,96.6,103,96.8,90,96.3,53,92.8,85,71.8,294,61.9,43,18,78,65.1,74.7,78.3,74.9,66.7,69.9,1828,35279,31,28,1,0,38.1,198,QS Jun-2025 only (not in THE/ARWU combined file),Public,198,0.139954853,Good,Top 500,0.624505929,0.475975976
153,181,Universiti Teknologi Malaysia (UTM),Malaysia,Asia,L,CO,VH,Public,64,158,72.1,139,58.8,309,57.8,302,15.5,797,91.4,155,92.1,132,90.6,167,19.9,730,69.2,326,61.6,43,18,78,65.1,74.7,78.3,74.9,66.7,69.9,1828,35279,31,28,1,0,38.1,198,QS Jun-2025 only (not in THE/ARWU combined file),Public,198,0.133182844,Good,Top 500,0.624505929,0.475975976
153,155,Wageningen University & Research,Netherlands,Europe,L,CO,VH,Public,55,203,34.4,420,99.5,37,54.8,329,72,329,90.7,159,91.5,134,97.2,34,32.9,516,91.2,53,61.6,43,18,78,65.1,74.7,78.3,74.9,66.7,69.9,1828,35279,31,28,1,0,38.1,198,QS Jun-2025 only (not in THE/ARWU combined file),Public,198,0.133182844,Good,Top 500,0.624505929,0.475975976
155,169,University of Exeter,United Kingdom,Europe,L,FC,VH,Public,57.9,186,58.5,198,42,480,55.8,320,94.8,181,77.8,235,79.9,206,95.8,66,40.9,428,93.9,32,61.5,43,18,78,65.1,74.7,78.3,74.9,66.7,69.9,1828,35279,31,28,1,0,38.1,198,QS Jun-2025 only (not in THE/ARWU combined file),Public,198,0.130925508,Good,Top 500,0.624505929,0.475975976
155,155,University of Geneva,Switzerland,Europe,L,FC,VH,Public,55.3,201,34.8,414,47.4,414,70.3,214,100,54,98.6,81,98.6,68,92.1,144,63.1,249,66.5,370,61.5,43,18,78,65.1,74.7,78.3,74.9,66.7,69.9,1828,35279,31,28,1,0,38.1,198,QS Jun-2025 only (not in THE/ARWU combined file),Public,198,0.130925508,Good,Top 500,0.624505929,0.475975976
157,141,Lancaster University,United Kingdom,Europe,L,FC,VH,Public,51.2,217,45.8,296,36.1,555,77.5,166,96.4,161,93.3,141,93.8,117,87,216,38.2,452,89.2,68,61.4,43,18,78,65.1,74.7,78.3,74.9,66.7,69.9,1828,35279,31,28,1,0,38.1,198,QS Jun-2025 only (not in THE/ARWU combined file),Public,198,0.128668172,Good,Top 500,0.624505929,0.475975976
158,131,University of Basel,Switzerland,Europe,M,FC,VH,Public,34,357,20.7,639,70.2,229,94.2,80,100,47,91.4,156,68,284,90.4,170,74.9,183,88.4,74,61.3,43,18,78,65.1,74.7,78.3,74.9,66.7,69.9,1828,35279,31,28,1,0,38.1,198,QS Jun-2025 only (not in THE/ARWU combined file),Public,198,0.126410835,Good,Top 500,0.624505929,0.475975976
159,162,Hanyang University,Republic of Korea,Asia,L,FC,VH,Private not for Profit,58.2,184,81.9,99,81.7,159,42.9,440,23.7,664,70.1,279,73,249,65.5,615,54.5,307,82.8,137,61.2,43,18,78,65.1,74.7,78.3,74.9,66.7,69.9,1828,35279,31,28,1,0,38.1,198,QS Jun-2025 only (not in THE/ARWU combined file),Public,198,0.124153499,Good,Top 500,0.624505929,0.475975976
160,165,University of Barcelona,Spain,Europe,XL,FC,VH,Public,84.9,81,48.9,262,19,801,47.8,391,39.9,501,40.8,484,46.2,451,96.4,50,77,170,84.7,115,61,43,18,78,65.1,74.7,78.3,74.9,66.7,69.9,1828,35279,31,28,1,0,38.1,198,QS Jun-2025 only (not in THE/ARWU combined file),Public,198,0.119638826,Good,Top 500,0.624505929,0.475975976
161,152,Michigan State University,United States of America,Americas,XL,FC,VH,Public,67.3,146,62.9,174,13.9,801,61.2,280,67.2,348,21.1,708,27.3,649,97.6,27,75.6,180,94.2,28,60.9,43,18,78,65.1,74.7,78.3,74.9,66.7,69.9,1828,35279,31,28,1,0,38.1,198,QS Jun-2025 only (not in THE/ARWU combined file),Public,198,0.11738149,Good,Top 500,0.624505929,0.475975976
162,169,Ghent University,Belgium,Europe,XL,FC,VH,Public,68.2,141,39.1,350,84.5,140,32.4,557,83.4,267,33.8,549,39.5,504,99.2,11,84.9,136,94,30,60.8,43,18,78,65.1,74.7,78.3,74.9,66.7,69.9,1828,35279,31,28,1,0,38.1,198,QS Jun-2025 only (not in THE/ARWU combined file),Public,198,0.115124153,Good,Top 500,0.624505929,0.475975976
163,149,King Abdul Aziz University (KAU),Saudi Arabia,Asia,XL,FC,VH,Public,67.5,145,76.6,118,41.4,490,47.8,390,83.1,270,9.2,801,14.9,801,95,84,44.9,392,77.5,206,60.7,43,18,78,65.1,74.7,78.3,74.9,66.7,69.9,1828,35279,31,28,1,0,38.1,198,QS Jun-2025 only (not in THE/ARWU combined file),Public,198,0.112866817,Good,Top 500,0.624505929,0.475975976
164,152,Nagoya University,Japan,Asia,L,FC,VH,Public,74.2,116,71.5,141,84.2,144,38.2,491,22.6,681,27.6,619,33.6,568,66,610,39.2,443,74.1,255,60.3,43,18,78,65.1,74.7,78.3,74.9,66.7,69.9,1828,35279,31,28,1,0,38.1,198,QS Jun-2025 only (not in THE/ARWU combined file),Public,198,0.103837472,Good,Top 500,0.624505929,0.475975976
165,139,Chalmers University of Technology,Sweden,Europe,M,FO,VH,Private not for Profit,34.6,350,56.6,207,59.5,303,80.9,152,100,56,74.3,257,76.8,226,77,405,53.3,319,82.7,138,60.2,43,18,78,65.1,74.7,78.3,74.9,66.7,69.9,1828,35279,31,28,1,0,38.1,198,QS Jun-2025 only (not in THE/ARWU combined file),Public,198,0.101580135,Good,Top 500,0.624505929,0.475975976
166,163,Al-Farabi Kazakh National University,Kazakhstan,Asia,L,FC,HI,Public,60.7,172,86.3,85,99.6,36,2.1,801,80.9,288,83.2,204,79.3,213,75.7,426,66.2,234,62.8,443,59.8,43,18,78,65.1,74.7,78.3,74.9,66.7,69.9,1828,35279,31,28,1,0,38.1,198,QS Jun-2025 only (not in THE/ARWU combined file),Public,198,0.09255079,Moderate,Top 500,0.624505929,0.475975976
167,171,Washington University in St. Louis,United States of America,Americas,L,FC,VH,Private not for Profit,46.5,251,25.7,529,99.8,31,62.6,263,93.1,199,81.8,214,83.5,182,74.8,445,55.1,301,85.8,102,59.6,43,18,78,65.1,74.7,78.3,74.9,66.7,69.9,1828,35279,31,28,1,0,38.1,198,QS Jun-2025 only (not in THE/ARWU combined file),Public,198,0.088036117,Moderate,Top 500,0.624505929,0.475975976
168,159,University of Montreal,Canada,Americas,XL,FC,VH,Public,66.1,151,44,303,79.5,171,26.3,621,91.5,214,66.4,301,69.6,271,88.7,195,65.4,239,89.9,65,59.5,43,18,78,65.1,74.7,78.3,74.9,66.7,69.9,1828,35279,31,28,1,0,38.1,198,QS Jun-2025 only (not in THE/ARWU combined file),Public,198,0.085778781,Moderate,Top 500,0.624505929,0.475975976
169,184,University of York,United Kingdom,Europe,L,FC,VH,Public,56.8,197,42.3,317,55.8,335,53.8,344,92.4,208,75.4,253,77.8,223,96,58,41,427,93.2,34,59.4,43,18,78,65.1,74.7,78.3,74.9,66.7,69.9,1828,35279,31,28,1,0,38.1,198,QS Jun-2025 only (not in THE/ARWU combined file),Public,198,0.083521445,Moderate,Top 500,0.624505929,0.475975976
170,173,Hokkaido University,Japan,Asia,L,FC,VH,Public,71.5,129,68.8,151,76.8,185,42.7,445,28.2,604,20.5,724,26.6,664,77.5,393,26.4,617,78.5,192,59.3,43,18,78,65.1,74.7,78.3,74.9,66.7,69.9,1828,35279,31,28,1,0,38.1,198,QS Jun-2025 only (not in THE/ARWU combined file),Public,198,0.081264108,Moderate,Top 500,0.624505929,0.475975976
170,167,Kyushu University,Japan,Asia,L,FC,VH,Public,71.3,130,72.1,140,87.1,121,34.2,534,24.5,657,39,502,44.5,468,76.4,416,20.9,710,74.8,241,59.3,43,18,78,65.1,74.7,78.3,74.9,66.7,69.9,1828,35279,31,28,1,0,38.1,198,QS Jun-2025 only (not in THE/ARWU combined file),Public,198,0.081264108,Moderate,Top 500,0.624505929,0.475975976
172,175,Universitat Autónoma de Barcelona,Spain,Europe,XL,FC,VH,Public,76.4,105,42.1,318,15.2,801,76.2,170,26.5,632,27.2,625,33.3,572,93.7,105,30.4,546,90.3,61,59.2,43,18,78,65.1,74.7,78.3,74.9,66.7,69.9,1828,35279,31,28,1,0,38.1,198,QS Jun-2025 only (not in THE/ARWU combined file),Public,198,0.079006772,Moderate,Top 500,0.624505929,0.475975976
173,200,Arizona State University,United States of America,Americas,XL,CO,VH,Public,63.9,159,63.3,171,9.5,801,61.5,277,72.5,326,53.2,385,57.7,353,95.2,81,42.2,415,85.8,102,59.1,43,18,78,65.1,74.7,78.3,74.9,66.7,69.9,1828,35279,31,28,1,0,38.1,198,QS Jun-2025 only (not in THE/ARWU combined file),Public,198,0.076749436,Moderate,Top 500,0.624505929,0.475975976
173,176,McMaster University,Canada,Americas,L,FC,VH,Public,52.5,211,43.6,307,61.8,289,56.6,311,94.6,184,66.3,302,69.6,273,84.3,270,60,271,86.6,93,59.1,43,18,78,65.1,74.7,78.3,74.9,66.7,69.9,1828,35279,31,28,1,0,38.1,198,QS Jun-2025 only (not in THE/ARWU combined file),Public,198,0.076749436,Moderate,Top 500,0.624505929,0.475975976
173,139,Universidad de Chile,Chile,Americas,XL,FC,VH,Public,91.9,61,92,63,10.9,801,18.2,747,12.2,801,8.1,801,13.1,801,77.9,384,97.6,50,69.5,321,59.1,43,18,78,65.1,74.7,78.3,74.9,66.7,69.9,1828,35279,31,28,1,0,38.1,198,QS Jun-2025 only (not in THE/ARWU combined file),Public,198,0.076749436,Moderate,Top 500,0.624505929,0.475975976
176,210,National Tsing Hua University,Taiwan,Asia,M,CO,VH,Public,67,148,77.1,116,34.2,574,73.5,187,26.7,630,37.3,522,40.4,501,42.1,801,25.4,633,57.8,546,59,43,18,78,65.1,74.7,78.3,74.9,66.7,69.9,1828,35279,31,28,1,0,38.1,198,QS Jun-2025 only (not in THE/ARWU combined file),Public,198,0.074492099,Moderate,Top 500,0.624505929,0.475975976
177,202,Khalifa University of Science and Technology,United Arab Emirates,Asia,S,SP,VH,Public,34.3,356,42.8,314,83.2,152,83.9,131,100,11,83,206,82.5,186,81.1,329,12.6,801,68.1,349,58.8,43,18,78,65.1,74.7,78.3,74.9,66.7,69.9,1828,35279,31,28,1,0,38.1,198,QS Jun-2025 only (not in THE/ARWU combined file),Public,198,0.069977427,Moderate,Top 500,0.624505929,0.475975976
177,192,Tongji University,China (Mainland),Asia,XL,FC,VH,Public,45.2,261,41.2,331,31.2,613,99.6,27,92.6,204,47.4,425,52.4,393,74.6,449,33.4,507,77.2,210,58.8,43,18,78,65.1,74.7,78.3,74.9,66.7,69.9,1828,35279,31,28,1,0,38.1,198,QS Jun-2025 only (not in THE/ARWU combined file),Public,198,0.069977427,Moderate,Top 500,0.624505929,0.475975976
179,178,"University of California, Santa Barbara (UCSB)",United States of America,Americas,L,CO,VH,Public,65.3,154,32.4,442,9.3,801,99,38,81.3,286,27.5,620,20.6,753,75.4,434,25.6,628,65.2,393,58.7,43,18,78,65.1,74.7,78.3,74.9,66.7,69.9,1828,35279,31,28,1,0,38.1,198,QS Jun-2025 only (not in THE/ARWU combined file),Public,198,0.06772009,Moderate,Top 500,0.624505929,0.475975976
180,227,Indian Institute of Technology Madras (IITM),India,Asia,M,CO,VH,Public,56.8,196,85.8,87,21.3,801,90.2,102,3.1,801,3.2,801,7.4,801,45.6,801,45.8,380,73,274,58.4,43,18,78,65.1,74.7,78.3,74.9,66.7,69.9,1828,35279,31,28,1,0,38.1,198,QS Jun-2025 only (not in THE/ARWU combined file),Public,198,0.060948081,Moderate,Top 500,0.624505929,0.475975976
181,186,Cardiff University,United Kingdom,Europe,L,FC,VH,Public,60.1,175,54.4,223,48.2,403,42.2,451,87.2,243,70.1,278,73,248,93.4,120,33.5,502,88.9,71,57.8,43,18,78,65.1,74.7,78.3,74.9,66.7,69.9,1828,35279,31,28,1,0,38.1,198,QS Jun-2025 only (not in THE/ARWU combined file),Public,198,0.047404063,Moderate,Top 500,0.624505929,0.475975976
182,196,Emory University,United States of America,Americas,L,FC,VH,Private not for Profit,34.5,353,37.7,369,92.8,88,85.7,120,70,335,49.6,411,54.3,378,85,255,42.4,413,63.5,432,57.7,43,18,78,65.1,74.7,78.3,74.9,66.7,69.9,1828,35279,31,28,1,0,38.1,198,QS Jun-2025 only (not in THE/ARWU combined file),Public,198,0.045146727,Moderate,Top 500,0.624505929,0.475975976
183,174,Curtin University,Australia,Oceania,L,CO,VH,Public,46.3,254,39.3,348,17.7,801,89.6,104,100,57,54.3,382,58.7,348,94.2,96,37.9,459,82,149,57.6,43,18,78,65.1,74.7,78.3,74.9,66.7,69.9,1828,35279,31,28,1,0,38.1,198,QS Jun-2025 only (not in THE/ARWU combined file),Public,198,0.042889391,Moderate,Top 500,0.624505929,0.475975976
184,161,University of Bern,Switzerland,Europe,M,FC,VH,Public,38,313,26,520,49,394,99.3,32,100,58,52.9,389,57.4,356,95.5,69,37.2,466,68.9,331,57.5,43,18,78,65.1,74.7,78.3,74.9,66.7,69.9,1828,35279,31,28,1,0,38.1,198,QS Jun-2025 only (not in THE/ARWU combined file),Public,198,0.040632054,Moderate,Top 500,0.624505929,0.475975976
184,167,University of Wollongong,Australia,Oceania,L,FC,VH,Public,41.6,287,33.1,434,21.1,801,95.6,66,99.5,113,82.2,211,83.8,179,88.6,197,25.8,626,86.1,98,57.5,43,18,78,65.1,74.7,78.3,74.9,66.7,69.9,1828,35279,31,28,1,0,38.1,198,QS Jun-2025 only (not in THE/ARWU combined file),Public,198,0.040632054,Moderate,Top 500,0.624505929,0.475975976
186,194,Wuhan University,China (Mainland),Asia,XL,FC,VH,Public,53.6,205,46.7,283,21.3,801,98,46,47.1,452,10.7,801,8.2,801,77.8,387,58.9,276,60.8,491,57.3,43,18,78,65.1,74.7,78.3,74.9,66.7,69.9,1828,35279,31,28,1,0,38.1,198,QS Jun-2025 only (not in THE/ARWU combined file),Public,198,0.036117381,Moderate,Top 500,0.624505929,0.475975976
187,185,Tecnológico de Monterrey (ITESM),Mexico,Americas,XL,FC,HI,Private not for Profit,69.9,136,93.9,55,69.4,236,4.8,801,24.5,658,18.3,758,24.4,696,74.6,451,97.4,52,73.8,262,57.1,43,18,78,65.1,74.7,78.3,74.9,66.7,69.9,1828,35279,31,28,1,0,38.1,198,QS Jun-2025 only (not in THE/ARWU combined file),Public,198,0.031602709,Moderate,Top 500,0.624505929,0.475975976
187,164,University Complutense Madrid,Spain,Europe,XL,FC,VH,Public,78.5,101,73.9,131,41.6,486,12.8,801,18.2,736,32.9,561,38.7,511,92.7,132,97.3,53,80.4,163,57.1,43,18,78,65.1,74.7,78.3,74.9,66.7,69.9,1828,35279,31,28,1,0,38.1,198,QS Jun-2025 only (not in THE/ARWU combined file),Public,198,0.031602709,Moderate,Top 500,0.624505929,0.475975976
189,206,UNIVERSITAS INDONESIA,Indonesia,Asia,XL,FC,VH,Public,69.9,135,89.3,76,68.8,240,3.9,801,86.6,249,10.9,801,16.3,801,59.6,701,87.2,124,60.9,486,57,43,18,78,65.1,74.7,78.3,74.9,66.7,69.9,1828,35279,31,28,1,0,38.1,198,QS Jun-2025 only (not in THE/ARWU combined file),Public,198,0.029345372,Moderate,Top 500,0.624505929,0.475975976
190,208,Ohio State University,United States of America,Americas,XL,FC,VH,Public,71.1,131,63,173,53.1,353,33.8,539,37.4,519,20.6,721,26.7,661,93.7,106,66,236,69.2,326,56.9,43,18,78,65.1,74.7,78.3,74.9,66.7,69.9,1828,35279,31,28,1,0,38.1,198,QS Jun-2025 only (not in THE/ARWU combined file),Public,198,0.027088036,Moderate,Top 500,0.624505929,0.475975976
191,193,"Queen's University, Ontario",Canada,Americas,L,FC,VH,Public,50.9,219,75.7,123,7.9,801,56.3,315,75.6,315,35.5,536,41.2,496,79,369,92.3,87,86.6,93,56.8,43,18,78,65.1,74.7,78.3,74.9,66.7,69.9,1828,35279,31,28,1,0,38.1,198,QS Jun-2025 only (not in THE/ARWU combined file),Public,198,0.0248307,Moderate,Top 500,0.624505929,0.475975976
191,203,Université Catholique de Louvain (UCL),Belgium,Europe,L,FC,VH,Private not for Profit,61.7,164,36,398,6.4,801,59.5,291,94.5,185,63.1,319,66.6,292,91.6,150,82,150,81.3,157,56.8,43,18,78,65.1,74.7,78.3,74.9,66.7,69.9,1828,35279,31,28,1,0,38.1,198,QS Jun-2025 only (not in THE/ARWU combined file),Public,198,0.0248307,Moderate,Top 500,0.624505929,0.475975976
193,191,Universität Hamburg,Germany,Europe,L,FO,VH,Public,64,157,51.7,238,25.6,725,54.6,333,58.8,396,31.3,576,37.1,524,93.8,103,49.9,346,94.1,29,56.5,43,18,78,65.1,74.7,78.3,74.9,66.7,69.9,1828,35279,31,28,1,0,38.1,198,QS Jun-2025 only (not in THE/ARWU combined file),Public,198,0.018058691,Moderate,Top 500,0.624505929,0.475975976
194,172,University of Reading,United Kingdom,Europe,L,CO,VH,Public,45.7,256,46.8,280,20.2,801,63,260,95,178,85.8,192,87,162,93.3,121,57.6,287,92.4,42,56.2,43,18,78,65.1,74.7,78.3,74.9,66.7,69.9,1828,35279,31,28,1,0,38.1,198,QS Jun-2025 only (not in THE/ARWU combined file),Public,198,0.011286682,Moderate,Top 500,0.624505929,0.475975976
194,221,Vrije Universiteit Amsterdam,Netherlands,Europe,L,FC,VH,Public,53.3,208,28.8,489,23.3,767,80.7,154,82.9,272,57.6,358,42.9,484,90.1,173,56.4,296,68.8,338,56.2,43,18,78,65.1,74.7,78.3,74.9,66.7,69.9,1828,35279,31,28,1,0,38.1,198,QS Jun-2025 only (not in THE/ARWU combined file),Public,198,0.011286682,Moderate,Top 500,0.624505929,0.475975976
196,181,Waseda University,Japan,Asia,XL,CO,VH,Private not for Profit,73.6,118,97.2,37,29.5,639,7.3,801,35.2,535,43.7,461,48.9,426,63.1,650,90.7,98,74.3,252,56.1,43,18,78,65.1,74.7,78.3,74.9,66.7,69.9,1828,35279,31,28,1,0,38.1,198,QS Jun-2025 only (not in THE/ARWU combined file),Public,198,0.009029345,Moderate,Top 500,0.624505929,0.475975976
197,214,University of Otago,New Zealand,Oceania,L,FC,VH,Public,60,176,36,399,14.8,801,63.2,258,100,53,39.6,496,45,464,76.5,413,68.7,222,88.2,78,55.8,43,18,78,65.1,74.7,78.3,74.9,66.7,69.9,1828,35279,31,28,1,0,38.1,198,QS Jun-2025 only (not in THE/ARWU combined file),Public,198,0.002257336,Moderate,Top 500,0.624505929,0.475975976
197,190,Vienna University of Technology,Austria,Europe,M,FO,VH,Public,47.6,246,56.3,211,18.5,801,71.1,207,91.8,211,95.9,114,71.3,258,71.9,502,29.1,569,59,520,55.8,43,18,78,65.1,74.7,78.3,74.9,66.7,69.9,1828,35279,31,28,1,0,38.1,198,QS Jun-2025 only (not in THE/ARWU combined file),Public,198,0.002257336,Moderate,Top 500,0.624505929,0.475975976
199,219,National Yang Ming Chiao Tung University,Taiwan,Asia,L,FC,VH,Public,42.1,285,68.5,153,55.4,339,71.8,202,29.1,593,31.9,569,37.7,520,54.1,782,75.8,179,74.1,255,55.7,43,18,78,65.1,74.7,78.3,74.9,66.7,69.9,1828,35279,31,28,1,0,38.1,198,QS Jun-2025 only (not in THE/ARWU combined file),Public,198,0,Moderate,Top 500,0.624505929,0.475975976
199,206,Queen's University Belfast,United Kingdom,Europe,L,FC,VH,Public,49.6,228,43.4,309,30.3,627,57.5,304,100,79,98.8,74,98.9,65,95.4,73,19.5,735,89.5,67,55.7,43,18,78,65.1,74.7,78.3,74.9,66.7,69.9,1828,35279,31,28,1,0,38.1,198,QS Jun-2025 only (not in THE/ARWU combined file),Public,198,0,Moderate,Top 500,0.624505929,0.475975976
